2026-08-14 02:02:59,168 [INFO] HTTP Request: GET http://localhost:8000/api/v2/auth/identity "HTTP/1.1 200 OK"
2026-08-14 02:02:59,214 [INFO] HTTP Request: GET http://localhost:8000/api/v2/tenants/default_tenant "HTTP/1.1 200 OK"
2026-08-14 02:02:59,217 [INFO] HTTP Request: GET http://localhost:8000/api/v2/tenants/default_tenant/databases/default_database "HTTP/1.1 200 OK"
2026-08-14 02:02:59,224 [INFO] HTTP Request: POST http://localhost:8000/api/v2/tenants/default_tenant/databases/default_database/collections "HTTP/1.1 200 OK"
2026-08-14 02:02:59,427 [INFO] Adding job tentatively -- it will be properly scheduled when the scheduler starts
2026-08-14 02:02:59,427 [INFO] Adding job tentatively -- it will be properly scheduled when the scheduler starts
2026-08-14 02:02:59,428 [INFO] Added job "check_and_update_summary" to job store "default"
2026-08-14 02:02:59,429 [INFO] Added job "check_and_update_narrative" to job store "default"
2026-08-14 02:02:59,429 [INFO] Scheduler started
2026-08-14 02:03:28,952 [INFO] Summary 未达阈值：新增 0/50（水位线 2781）
2026-08-14 02:03:28,954 [INFO] Narrative 未达阈值：新增 0/30（水位线 854）
2026-08-14 02:06:44,843 [INFO] HTTP Request: GET http://localhost:8000/api/v2/tenants/default_tenant/databases/default_database/collections/bd4a6e7d-3687-4753-ba76-f2e862253781/count?read_level=index_and_wal "HTTP/1.1 200 OK"
2026-08-14 02:12:59,428 [INFO] Running job "check_and_update_summary (trigger: interval[0:10:00], next run at: 2026-08-14 02:22:59 CST)" (scheduled at 2026-08-14 02:12:59.426989+08:00)
2026-08-14 02:12:59,434 [INFO] Summary 未达阈值：新增 0/50（水位线 2781）
2026-08-14 02:12:59,434 [INFO] Job "check_and_update_summary (trigger: interval[0:10:00], next run at: 2026-08-14 02:22:59 CST)" executed successfully
2026-08-14 02:12:59,436 [INFO] Running job "check_and_update_narrative (trigger: interval[0:10:00], next run at: 2026-08-14 02:22:59 CST)" (scheduled at 2026-08-14 02:12:59.427436+08:00)
2026-08-14 02:12:59,438 [INFO] Narrative 未达阈值：新增 0/30（水位线 854）
2026-08-14 02:12:59,438 [INFO] Job "check_and_update_narrative (trigger: interval[0:10:00], next run at: 2026-08-14 02:22:59 CST)" executed successfully
2026-08-14 02:15:16,995 [INFO] HTTP Request: GET http://localhost:8000/api/v2/tenants/default_tenant/databases/default_database/collections/bd4a6e7d-3687-4753-ba76-f2e862253781/count?read_level=index_and_wal "HTTP/1.1 200 OK"
2026-08-14 02:16:57,105 [INFO] HTTP Request: POST https://dashscope.aliyuncs.com/compatible-mode/v1/embeddings "HTTP/1.1 200 OK"
2026-08-14 02:16:57,136 [INFO] HTTP Request: POST http://localhost:8000/api/v2/tenants/default_tenant/databases/default_database/collections/bd4a6e7d-3687-4753-ba76-f2e862253781/query "HTTP/1.1 200 OK"
2026-08-14 02:16:57,140 [DEBUG] Building prefix dict from the default dictionary ...
2026-08-14 02:16:57,141 [DEBUG] Loading model from cache /tmp/jieba.cache
2026-08-14 02:16:58,705 [DEBUG] Loading model cost 1.565 seconds.
2026-08-14 02:16:58,705 [DEBUG] Prefix dict has been built successfully.
2026-08-14 02:16:58,849 [INFO] HTTP Request: POST http://localhost:8000/api/v2/tenants/default_tenant/databases/default_database/collections/bd4a6e7d-3687-4753-ba76-f2e862253781/get "HTTP/1.1 200 OK"
2026-08-14 02:16:58,858 [INFO] HTTP Request: POST http://localhost:8000/api/v2/tenants/default_tenant/databases/default_database/collections/bd4a6e7d-3687-4753-ba76-f2e862253781/get "HTTP/1.1 200 OK"
2026-08-14 02:16:58,863 [INFO] HTTP Request: POST http://localhost:8000/api/v2/tenants/default_tenant/databases/default_database/collections/bd4a6e7d-3687-4753-ba76-f2e862253781/get "HTTP/1.1 200 OK"
2026-08-14 02:16:58,869 [INFO] HTTP Request: POST http://localhost:8000/api/v2/tenants/default_tenant/databases/default_database/collections/bd4a6e7d-3687-4753-ba76-f2e862253781/get "HTTP/1.1 200 OK"
2026-08-14 02:16:58,878 [INFO] HTTP Request: POST http://localhost:8000/api/v2/tenants/default_tenant/databases/default_database/collections/bd4a6e7d-3687-4753-ba76-f2e862253781/get "HTTP/1.1 200 OK"
2026-08-14 02:16:58,887 [INFO] HTTP Request: POST http://localhost:8000/api/v2/tenants/default_tenant/databases/default_database/collections/bd4a6e7d-3687-4753-ba76-f2e862253781/get "HTTP/1.1 200 OK"
2026-08-14 02:16:58,892 [INFO] HTTP Request: POST http://localhost:8000/api/v2/tenants/default_tenant/databases/default_database/collections/bd4a6e7d-3687-4753-ba76-f2e862253781/get "HTTP/1.1 200 OK"
2026-08-14 02:16:58,902 [INFO] HTTP Request: POST http://localhost:8000/api/v2/tenants/default_tenant/databases/default_database/collections/bd4a6e7d-3687-4753-ba76-f2e862253781/get "HTTP/1.1 200 OK"
2026-08-14 02:17:44,694 [INFO] HTTP Request: POST https://dashscope.aliyuncs.com/compatible-mode/v1/embeddings "HTTP/1.1 200 OK"
2026-08-14 02:17:44,722 [INFO] HTTP Request: POST http://localhost:8000/api/v2/tenants/default_tenant/databases/default_database/collections/bd4a6e7d-3687-4753-ba76-f2e862253781/query "HTTP/1.1 200 OK"
2026-08-14 02:17:44,847 [INFO] HTTP Request: POST http://localhost:8000/api/v2/tenants/default_tenant/databases/default_database/collections/bd4a6e7d-3687-4753-ba76-f2e862253781/get "HTTP/1.1 200 OK"
2026-08-14 02:17:44,856 [INFO] HTTP Request: POST http://localhost:8000/api/v2/tenants/default_tenant/databases/default_database/collections/bd4a6e7d-3687-4753-ba76-f2e862253781/get "HTTP/1.1 200 OK"
2026-08-14 02:17:44,866 [INFO] HTTP Request: POST http://localhost:8000/api/v2/tenants/default_tenant/databases/default_database/collections/bd4a6e7d-3687-4753-ba76-f2e862253781/get "HTTP/1.1 200 OK"
2026-08-14 02:17:44,876 [INFO] HTTP Request: POST http://localhost:8000/api/v2/tenants/default_tenant/databases/default_database/collections/bd4a6e7d-3687-4753-ba76-f2e862253781/get "HTTP/1.1 200 OK"
2026-08-14 02:17:44,883 [INFO] HTTP Request: POST http://localhost:8000/api/v2/tenants/default_tenant/databases/default_database/collections/bd4a6e7d-3687-4753-ba76-f2e862253781/get "HTTP/1.1 200 OK"
2026-08-14 02:17:44,889 [INFO] HTTP Request: POST http://localhost:8000/api/v2/tenants/default_tenant/databases/default_database/collections/bd4a6e7d-3687-4753-ba76-f2e862253781/get "HTTP/1.1 200 OK"
2026-08-14 02:17:44,900 [INFO] HTTP Request: POST http://localhost:8000/api/v2/tenants/default_tenant/databases/default_database/collections/bd4a6e7d-3687-4753-ba76-f2e862253781/get "HTTP/1.1 200 OK"
2026-08-14 02:17:44,907 [INFO] HTTP Request: POST http://localhost:8000/api/v2/tenants/default_tenant/databases/default_database/collections/bd4a6e7d-3687-4753-ba76-f2e862253781/get "HTTP/1.1 200 OK"
2026-08-14 02:19:03,424 [INFO] HTTP Request: POST https://dashscope.aliyuncs.com/compatible-mode/v1/embeddings "HTTP/1.1 200 OK"
2026-08-14 02:19:03,446 [INFO] HTTP Request: POST http://localhost:8000/api/v2/tenants/default_tenant/databases/default_database/collections/bd4a6e7d-3687-4753-ba76-f2e862253781/query "HTTP/1.1 200 OK"
2026-08-14 02:19:03,613 [INFO] HTTP Request: POST http://localhost:8000/api/v2/tenants/default_tenant/databases/default_database/collections/bd4a6e7d-3687-4753-ba76-f2e862253781/get "HTTP/1.1 200 OK"
2026-08-14 02:19:03,621 [INFO] HTTP Request: POST http://localhost:8000/api/v2/tenants/default_tenant/databases/default_database/collections/bd4a6e7d-3687-4753-ba76-f2e862253781/get "HTTP/1.1 200 OK"
2026-08-14 02:19:03,631 [INFO] HTTP Request: POST http://localhost:8000/api/v2/tenants/default_tenant/databases/default_database/collections/bd4a6e7d-3687-4753-ba76-f2e862253781/get "HTTP/1.1 200 OK"
2026-08-14 02:19:03,640 [INFO] HTTP Request: POST http://localhost:8000/api/v2/tenants/default_tenant/databases/default_database/collections/bd4a6e7d-3687-4753-ba76-f2e862253781/get "HTTP/1.1 200 OK"
2026-08-14 02:19:03,646 [INFO] HTTP Request: POST http://localhost:8000/api/v2/tenants/default_tenant/databases/default_database/collections/bd4a6e7d-3687-4753-ba76-f2e862253781/get "HTTP/1.1 200 OK"
2026-08-14 02:19:03,652 [INFO] HTTP Request: POST http://localhost:8000/api/v2/tenants/default_tenant/databases/default_database/collections/bd4a6e7d-3687-4753-ba76-f2e862253781/get "HTTP/1.1 200 OK"
2026-08-14 02:19:03,663 [INFO] HTTP Request: POST http://localhost:8000/api/v2/tenants/default_tenant/databases/default_database/collections/bd4a6e7d-3687-4753-ba76-f2e862253781/get "HTTP/1.1 200 OK"
2026-08-14 02:19:03,670 [INFO] HTTP Request: POST http://localhost:8000/api/v2/tenants/default_tenant/databases/default_database/collections/bd4a6e7d-3687-4753-ba76-f2e862253781/get "HTTP/1.1 200 OK"
2026-08-14 02:20:58,998 [INFO] HTTP Request: POST http://localhost:3000/reload-config "HTTP/1.1 200 OK"
2026-08-14 02:21:53,196 [INFO] HTTP Request: POST http://localhost:3000/reload-config "HTTP/1.1 200 OK"
2026-08-14 02:22:45,172 [INFO] HTTP Request: POST https://dashscope.aliyuncs.com/compatible-mode/v1/embeddings "HTTP/1.1 200 OK"
2026-08-14 02:22:45,203 [INFO] HTTP Request: POST http://localhost:8000/api/v2/tenants/default_tenant/databases/default_database/collections/bd4a6e7d-3687-4753-ba76-f2e862253781/query "HTTP/1.1 200 OK"
2026-08-14 02:22:45,465 [INFO] HTTP Request: POST http://localhost:8000/api/v2/tenants/default_tenant/databases/default_database/collections/bd4a6e7d-3687-4753-ba76-f2e862253781/get "HTTP/1.1 200 OK"
2026-08-14 02:22:45,474 [INFO] HTTP Request: POST http://localhost:8000/api/v2/tenants/default_tenant/databases/default_database/collections/bd4a6e7d-3687-4753-ba76-f2e862253781/get "HTTP/1.1 200 OK"
2026-08-14 02:22:45,485 [INFO] HTTP Request: POST http://localhost:8000/api/v2/tenants/default_tenant/databases/default_database/collections/bd4a6e7d-3687-4753-ba76-f2e862253781/get "HTTP/1.1 200 OK"
2026-08-14 02:22:45,497 [INFO] HTTP Request: POST http://localhost:8000/api/v2/tenants/default_tenant/databases/default_database/collections/bd4a6e7d-3687-4753-ba76-f2e862253781/get "HTTP/1.1 200 OK"
2026-08-14 02:22:45,504 [INFO] HTTP Request: POST http://localhost:8000/api/v2/tenants/default_tenant/databases/default_database/collections/bd4a6e7d-3687-4753-ba76-f2e862253781/get "HTTP/1.1 200 OK"
2026-08-14 02:22:45,513 [INFO] HTTP Request: POST http://localhost:8000/api/v2/tenants/default_tenant/databases/default_database/collections/bd4a6e7d-3687-4753-ba76-f2e862253781/get "HTTP/1.1 200 OK"
2026-08-14 02:22:45,523 [INFO] HTTP Request: POST http://localhost:8000/api/v2/tenants/default_tenant/databases/default_database/collections/bd4a6e7d-3687-4753-ba76-f2e862253781/get "HTTP/1.1 200 OK"
2026-08-14 02:22:45,531 [INFO] HTTP Request: POST http://localhost:8000/api/v2/tenants/default_tenant/databases/default_database/collections/bd4a6e7d-3687-4753-ba76-f2e862253781/get "HTTP/1.1 200 OK"
2026-08-14 02:22:59,428 [INFO] Running job "check_and_update_summary (trigger: interval[0:10:00], next run at: 2026-08-14 02:32:59 CST)" (scheduled at 2026-08-14 02:22:59.426989+08:00)
2026-08-14 02:22:59,433 [INFO] Summary 未达阈值：新增 0/50（水位线 2781）
2026-08-14 02:22:59,433 [INFO] Job "check_and_update_summary (trigger: interval[0:10:00], next run at: 2026-08-14 02:32:59 CST)" executed successfully
2026-08-14 02:22:59,434 [INFO] Running job "check_and_update_narrative (trigger: interval[0:10:00], next run at: 2026-08-14 02:32:59 CST)" (scheduled at 2026-08-14 02:22:59.427436+08:00)
2026-08-14 02:22:59,437 [INFO] Narrative 未达阈值：新增 0/30（水位线 854）
2026-08-14 02:22:59,437 [INFO] Job "check_and_update_narrative (trigger: interval[0:10:00], next run at: 2026-08-14 02:32:59 CST)" executed successfully
2026-08-14 02:23:01,096 [INFO] HTTP Request: POST https://dashscope.aliyuncs.com/compatible-mode/v1/embeddings "HTTP/1.1 200 OK"
2026-08-14 02:23:01,120 [INFO] HTTP Request: GET http://localhost:8000/api/v2/pre-flight-checks "HTTP/1.1 200 OK"
2026-08-14 02:23:01,160 [INFO] HTTP Request: POST http://localhost:8000/api/v2/tenants/default_tenant/databases/default_database/collections/bd4a6e7d-3687-4753-ba76-f2e862253781/add "HTTP/1.1 201 Created"
2026-08-14 02:23:12,713 [INFO] HTTP Request: POST https://dashscope.aliyuncs.com/compatible-mode/v1/embeddings "HTTP/1.1 200 OK"
2026-08-14 02:23:12,746 [INFO] HTTP Request: POST http://localhost:8000/api/v2/tenants/default_tenant/databases/default_database/collections/bd4a6e7d-3687-4753-ba76-f2e862253781/query "HTTP/1.1 200 OK"
2026-08-14 02:23:12,901 [INFO] HTTP Request: POST http://localhost:8000/api/v2/tenants/default_tenant/databases/default_database/collections/bd4a6e7d-3687-4753-ba76-f2e862253781/get "HTTP/1.1 200 OK"
2026-08-14 02:23:12,908 [INFO] HTTP Request: POST http://localhost:8000/api/v2/tenants/default_tenant/databases/default_database/collections/bd4a6e7d-3687-4753-ba76-f2e862253781/get "HTTP/1.1 200 OK"
2026-08-14 02:23:12,918 [INFO] HTTP Request: POST http://localhost:8000/api/v2/tenants/default_tenant/databases/default_database/collections/bd4a6e7d-3687-4753-ba76-f2e862253781/get "HTTP/1.1 200 OK"
2026-08-14 02:23:12,930 [INFO] HTTP Request: POST http://localhost:8000/api/v2/tenants/default_tenant/databases/default_database/collections/bd4a6e7d-3687-4753-ba76-f2e862253781/get "HTTP/1.1 200 OK"
2026-08-14 02:23:12,954 [INFO] HTTP Request: POST http://localhost:8000/api/v2/tenants/default_tenant/databases/default_database/collections/bd4a6e7d-3687-4753-ba76-f2e862253781/get "HTTP/1.1 200 OK"
2026-08-14 02:23:12,968 [INFO] HTTP Request: POST http://localhost:8000/api/v2/tenants/default_tenant/databases/default_database/collections/bd4a6e7d-3687-4753-ba76-f2e862253781/get "HTTP/1.1 200 OK"
2026-08-14 02:23:12,979 [INFO] HTTP Request: POST http://localhost:8000/api/v2/tenants/default_tenant/databases/default_database/collections/bd4a6e7d-3687-4753-ba76-f2e862253781/get "HTTP/1.1 200 OK"
2026-08-14 02:23:12,990 [INFO] HTTP Request: POST http://localhost:8000/api/v2/tenants/default_tenant/databases/default_database/collections/bd4a6e7d-3687-4753-ba76-f2e862253781/get "HTTP/1.1 200 OK"
2026-08-14 02:23:56,351 [INFO] HTTP Request: POST https://dashscope.aliyuncs.com/compatible-mode/v1/embeddings "HTTP/1.1 200 OK"
2026-08-14 02:23:56,375 [INFO] HTTP Request: POST http://localhost:8000/api/v2/tenants/default_tenant/databases/default_database/collections/bd4a6e7d-3687-4753-ba76-f2e862253781/query "HTTP/1.1 200 OK"
2026-08-14 02:23:56,506 [INFO] HTTP Request: POST http://localhost:8000/api/v2/tenants/default_tenant/databases/default_database/collections/bd4a6e7d-3687-4753-ba76-f2e862253781/get "HTTP/1.1 200 OK"
2026-08-14 02:23:56,518 [INFO] HTTP Request: POST http://localhost:8000/api/v2/tenants/default_tenant/databases/default_database/collections/bd4a6e7d-3687-4753-ba76-f2e862253781/get "HTTP/1.1 200 OK"
2026-08-14 02:23:56,527 [INFO] HTTP Request: POST http://localhost:8000/api/v2/tenants/default_tenant/databases/default_database/collections/bd4a6e7d-3687-4753-ba76-f2e862253781/get "HTTP/1.1 200 OK"
2026-08-14 02:23:56,535 [INFO] HTTP Request: POST http://localhost:8000/api/v2/tenants/default_tenant/databases/default_database/collections/bd4a6e7d-3687-4753-ba76-f2e862253781/get "HTTP/1.1 200 OK"
2026-08-14 02:23:56,545 [INFO] HTTP Request: POST http://localhost:8000/api/v2/tenants/default_tenant/databases/default_database/collections/bd4a6e7d-3687-4753-ba76-f2e862253781/get "HTTP/1.1 200 OK"
2026-08-14 02:24:36,945 [INFO] HTTP Request: POST https://dashscope.aliyuncs.com/compatible-mode/v1/embeddings "HTTP/1.1 200 OK"
2026-08-14 02:24:36,968 [INFO] HTTP Request: POST http://localhost:8000/api/v2/tenants/default_tenant/databases/default_database/collections/bd4a6e7d-3687-4753-ba76-f2e862253781/query "HTTP/1.1 200 OK"
2026-08-14 02:24:37,115 [INFO] HTTP Request: POST http://localhost:8000/api/v2/tenants/default_tenant/databases/default_database/collections/bd4a6e7d-3687-4753-ba76-f2e862253781/get "HTTP/1.1 200 OK"
2026-08-14 02:24:37,128 [INFO] HTTP Request: POST http://localhost:8000/api/v2/tenants/default_tenant/databases/default_database/collections/bd4a6e7d-3687-4753-ba76-f2e862253781/get "HTTP/1.1 200 OK"
2026-08-14 02:24:37,139 [INFO] HTTP Request: POST http://localhost:8000/api/v2/tenants/default_tenant/databases/default_database/collections/bd4a6e7d-3687-4753-ba76-f2e862253781/get "HTTP/1.1 200 OK"
2026-08-14 02:24:37,147 [INFO] HTTP Request: POST http://localhost:8000/api/v2/tenants/default_tenant/databases/default_database/collections/bd4a6e7d-3687-4753-ba76-f2e862253781/get "HTTP/1.1 200 OK"
2026-08-14 02:24:37,158 [INFO] HTTP Request: POST http://localhost:8000/api/v2/tenants/default_tenant/databases/default_database/collections/bd4a6e7d-3687-4753-ba76-f2e862253781/get "HTTP/1.1 200 OK"
2026-08-14 02:24:37,168 [INFO] HTTP Request: POST http://localhost:8000/api/v2/tenants/default_tenant/databases/default_database/collections/bd4a6e7d-3687-4753-ba76-f2e862253781/get "HTTP/1.1 200 OK"
2026-08-14 02:24:37,178 [INFO] HTTP Request: POST http://localhost:8000/api/v2/tenants/default_tenant/databases/default_database/collections/bd4a6e7d-3687-4753-ba76-f2e862253781/get "HTTP/1.1 200 OK"
2026-08-14 02:24:37,187 [INFO] HTTP Request: POST http://localhost:8000/api/v2/tenants/default_tenant/databases/default_database/collections/bd4a6e7d-3687-4753-ba76-f2e862253781/get "HTTP/1.1 200 OK"
2026-08-14 02:24:47,259 [INFO] HTTP Request: POST https://dashscope.aliyuncs.com/compatible-mode/v1/embeddings "HTTP/1.1 200 OK"
2026-08-14 02:24:47,304 [INFO] HTTP Request: POST http://localhost:8000/api/v2/tenants/default_tenant/databases/default_database/collections/bd4a6e7d-3687-4753-ba76-f2e862253781/add "HTTP/1.1 201 Created"
2026-08-14 02:32:59,428 [INFO] Running job "check_and_update_summary (trigger: interval[0:10:00], next run at: 2026-08-14 02:42:59 CST)" (scheduled at 2026-08-14 02:32:59.426989+08:00)
2026-08-14 02:32:59,433 [INFO] Summary 未达阈值：新增 6/50（水位线 2781）
2026-08-14 02:32:59,434 [INFO] Job "check_and_update_summary (trigger: interval[0:10:00], next run at: 2026-08-14 02:42:59 CST)" executed successfully
2026-08-14 02:32:59,435 [INFO] Running job "check_and_update_narrative (trigger: interval[0:10:00], next run at: 2026-08-14 02:42:59 CST)" (scheduled at 2026-08-14 02:32:59.427436+08:00)
2026-08-14 02:32:59,436 [INFO] Narrative 未达阈值：新增 3/30（水位线 854）
2026-08-14 02:32:59,437 [INFO] Job "check_and_update_narrative (trigger: interval[0:10:00], next run at: 2026-08-14 02:42:59 CST)" executed successfully
2026-08-14 02:33:26,064 [INFO] Scheduler has been shut down
2026-08-14 02:33:28,937 [INFO] HTTP Request: GET http://localhost:8000/api/v2/auth/identity "HTTP/1.1 200 OK"
2026-08-14 02:33:28,987 [INFO] HTTP Request: GET http://localhost:8000/api/v2/tenants/default_tenant "HTTP/1.1 200 OK"
2026-08-14 02:33:28,992 [INFO] HTTP Request: GET http://localhost:8000/api/v2/tenants/default_tenant/databases/default_database "HTTP/1.1 200 OK"
2026-08-14 02:33:29,001 [INFO] HTTP Request: POST http://localhost:8000/api/v2/tenants/default_tenant/databases/default_database/collections "HTTP/1.1 200 OK"
2026-08-14 02:33:29,231 [INFO] Adding job tentatively -- it will be properly scheduled when the scheduler starts
2026-08-14 02:33:29,232 [INFO] Adding job tentatively -- it will be properly scheduled when the scheduler starts
2026-08-14 02:33:29,232 [INFO] Added job "check_and_update_summary" to job store "default"
2026-08-14 02:33:29,232 [INFO] Added job "check_and_update_narrative" to job store "default"
2026-08-14 02:33:29,233 [INFO] Scheduler started
2026-08-14 02:39:04,055 [INFO] HTTP Request: GET http://localhost:8000/api/v2/tenants/default_tenant/databases/default_database/collections/bd4a6e7d-3687-4753-ba76-f2e862253781/count?read_level=index_and_wal "HTTP/1.1 200 OK"
2026-08-14 02:39:24,746 [INFO] HTTP Request: GET http://localhost:8000/api/v2/tenants/default_tenant/databases/default_database/collections/bd4a6e7d-3687-4753-ba76-f2e862253781/count?read_level=index_and_wal "HTTP/1.1 200 OK"
2026-08-14 02:43:29,233 [INFO] Running job "check_and_update_summary (trigger: interval[0:10:00], next run at: 2026-08-14 02:53:29 CST)" (scheduled at 2026-08-14 02:43:29.231563+08:00)
2026-08-14 02:43:29,243 [INFO] Summary 未达阈值：新增 6/50（水位线 2781）
2026-08-14 02:43:29,244 [INFO] Job "check_and_update_summary (trigger: interval[0:10:00], next run at: 2026-08-14 02:53:29 CST)" executed successfully
2026-08-14 02:43:29,247 [INFO] Running job "check_and_update_narrative (trigger: interval[0:10:00], next run at: 2026-08-14 02:53:29 CST)" (scheduled at 2026-08-14 02:43:29.231990+08:00)
2026-08-14 02:43:29,249 [INFO] Narrative 未达阈值：新增 3/30（水位线 854）
2026-08-14 02:43:29,249 [INFO] Job "check_and_update_narrative (trigger: interval[0:10:00], next run at: 2026-08-14 02:53:29 CST)" executed successfully
2026-08-14 02:49:18,410 [INFO] Scheduler has been shut down
2026-08-14 02:49:21,156 [INFO] HTTP Request: GET http://localhost:8000/api/v2/auth/identity "HTTP/1.1 200 OK"
2026-08-14 02:49:21,214 [INFO] HTTP Request: GET http://localhost:8000/api/v2/tenants/default_tenant "HTTP/1.1 200 OK"
2026-08-14 02:49:21,224 [INFO] HTTP Request: GET http://localhost:8000/api/v2/tenants/default_tenant/databases/default_database "HTTP/1.1 200 OK"
2026-08-14 02:49:21,235 [INFO] HTTP Request: POST http://localhost:8000/api/v2/tenants/default_tenant/databases/default_database/collections "HTTP/1.1 200 OK"
2026-08-14 02:49:21,478 [INFO] Adding job tentatively -- it will be properly scheduled when the scheduler starts
2026-08-14 02:49:21,479 [INFO] Adding job tentatively -- it will be properly scheduled when the scheduler starts
2026-08-14 02:49:21,479 [INFO] Added job "check_and_update_summary" to job store "default"
2026-08-14 02:49:21,480 [INFO] Added job "check_and_update_narrative" to job store "default"
2026-08-14 02:49:21,480 [INFO] Scheduler started
2026-08-14 02:53:23,249 [INFO] HTTP Request: GET http://localhost:8000/api/v2/tenants/default_tenant/databases/default_database/collections/bd4a6e7d-3687-4753-ba76-f2e862253781/count?read_level=index_and_wal "HTTP/1.1 200 OK"
2026-08-14 02:54:07,308 [INFO] HTTP Request: GET http://localhost:8000/api/v2/tenants/default_tenant/databases/default_database/collections/bd4a6e7d-3687-4753-ba76-f2e862253781/count?read_level=index_and_wal "HTTP/1.1 200 OK"
2026-08-14 02:59:21,481 [INFO] Running job "check_and_update_summary (trigger: interval[0:10:00], next run at: 2026-08-14 03:09:21 CST)" (scheduled at 2026-08-14 02:59:21.478471+08:00)
2026-08-14 02:59:21,488 [INFO] Summary 未达阈值：新增 6/50（水位线 2781）
2026-08-14 02:59:21,489 [INFO] Job "check_and_update_summary (trigger: interval[0:10:00], next run at: 2026-08-14 03:09:21 CST)" executed successfully
2026-08-14 02:59:21,491 [INFO] Running job "check_and_update_narrative (trigger: interval[0:10:00], next run at: 2026-08-14 03:09:21 CST)" (scheduled at 2026-08-14 02:59:21.478973+08:00)
2026-08-14 02:59:21,492 [INFO] Narrative 未达阈值：新增 3/30（水位线 854）
2026-08-14 02:59:21,492 [INFO] Job "check_and_update_narrative (trigger: interval[0:10:00], next run at: 2026-08-14 03:09:21 CST)" executed successfully
2026-08-14 03:09:21,481 [INFO] Running job "check_and_update_summary (trigger: interval[0:10:00], next run at: 2026-08-14 03:19:21 CST)" (scheduled at 2026-08-14 03:09:21.478471+08:00)
2026-08-14 03:09:21,490 [INFO] Summary 未达阈值：新增 6/50（水位线 2781）
2026-08-14 03:09:21,491 [INFO] Job "check_and_update_summary (trigger: interval[0:10:00], next run at: 2026-08-14 03:19:21 CST)" executed successfully
2026-08-14 03:09:21,491 [INFO] Running job "check_and_update_narrative (trigger: interval[0:10:00], next run at: 2026-08-14 03:19:21 CST)" (scheduled at 2026-08-14 03:09:21.478973+08:00)
2026-08-14 03:09:21,493 [INFO] Narrative 未达阈值：新增 3/30（水位线 854）
2026-08-14 03:09:21,493 [INFO] Job "check_and_update_narrative (trigger: interval[0:10:00], next run at: 2026-08-14 03:19:21 CST)" executed successfully
2026-08-14 03:19:21,481 [INFO] Running job "check_and_update_summary (trigger: interval[0:10:00], next run at: 2026-08-14 03:29:21 CST)" (scheduled at 2026-08-14 03:19:21.478471+08:00)
2026-08-14 03:19:21,492 [INFO] Summary 未达阈值：新增 6/50（水位线 2781）
2026-08-14 03:19:21,492 [INFO] Job "check_and_update_summary (trigger: interval[0:10:00], next run at: 2026-08-14 03:29:21 CST)" executed successfully
2026-08-14 03:19:21,493 [INFO] Running job "check_and_update_narrative (trigger: interval[0:10:00], next run at: 2026-08-14 03:29:21 CST)" (scheduled at 2026-08-14 03:19:21.478973+08:00)
2026-08-14 03:19:21,495 [INFO] Narrative 未达阈值：新增 3/30（水位线 854）
2026-08-14 03:19:21,495 [INFO] Job "check_and_update_narrative (trigger: interval[0:10:00], next run at: 2026-08-14 03:29:21 CST)" executed successfully
2026-08-14 03:29:21,481 [INFO] Running job "check_and_update_summary (trigger: interval[0:10:00], next run at: 2026-08-14 03:39:21 CST)" (scheduled at 2026-08-14 03:29:21.478471+08:00)
2026-08-14 03:29:21,490 [INFO] Summary 未达阈值：新增 6/50（水位线 2781）
2026-08-14 03:29:21,491 [INFO] Job "check_and_update_summary (trigger: interval[0:10:00], next run at: 2026-08-14 03:39:21 CST)" executed successfully
2026-08-14 03:29:21,492 [INFO] Running job "check_and_update_narrative (trigger: interval[0:10:00], next run at: 2026-08-14 03:39:21 CST)" (scheduled at 2026-08-14 03:29:21.478973+08:00)
2026-08-14 03:29:21,494 [INFO] Narrative 未达阈值：新增 3/30（水位线 854）
2026-08-14 03:29:21,494 [INFO] Job "check_and_update_narrative (trigger: interval[0:10:00], next run at: 2026-08-14 03:39:21 CST)" executed successfully
2026-08-14 03:33:04,140 [INFO] HTTP Request: POST https://dashscope.aliyuncs.com/compatible-mode/v1/embeddings "HTTP/1.1 200 OK"
2026-08-14 03:33:04,171 [INFO] HTTP Request: POST http://localhost:8000/api/v2/tenants/default_tenant/databases/default_database/collections/bd4a6e7d-3687-4753-ba76-f2e862253781/query "HTTP/1.1 200 OK"
2026-08-14 03:33:04,176 [DEBUG] Building prefix dict from the default dictionary ...
2026-08-14 03:33:04,177 [DEBUG] Loading model from cache /tmp/jieba.cache
2026-08-14 03:33:05,477 [DEBUG] Loading model cost 1.301 seconds.
2026-08-14 03:33:05,477 [DEBUG] Prefix dict has been built successfully.
2026-08-14 03:33:05,613 [INFO] HTTP Request: POST http://localhost:8000/api/v2/tenants/default_tenant/databases/default_database/collections/bd4a6e7d-3687-4753-ba76-f2e862253781/get "HTTP/1.1 200 OK"
2026-08-14 03:33:05,623 [INFO] HTTP Request: POST http://localhost:8000/api/v2/tenants/default_tenant/databases/default_database/collections/bd4a6e7d-3687-4753-ba76-f2e862253781/get "HTTP/1.1 200 OK"
2026-08-14 03:33:05,633 [INFO] HTTP Request: POST http://localhost:8000/api/v2/tenants/default_tenant/databases/default_database/collections/bd4a6e7d-3687-4753-ba76-f2e862253781/get "HTTP/1.1 200 OK"
2026-08-14 03:33:05,643 [INFO] HTTP Request: POST http://localhost:8000/api/v2/tenants/default_tenant/databases/default_database/collections/bd4a6e7d-3687-4753-ba76-f2e862253781/get "HTTP/1.1 200 OK"
2026-08-14 03:33:05,660 [INFO] HTTP Request: POST http://localhost:8000/api/v2/tenants/default_tenant/databases/default_database/collections/bd4a6e7d-3687-4753-ba76-f2e862253781/get "HTTP/1.1 200 OK"
2026-08-14 03:33:05,667 [INFO] HTTP Request: POST http://localhost:8000/api/v2/tenants/default_tenant/databases/default_database/collections/bd4a6e7d-3687-4753-ba76-f2e862253781/get "HTTP/1.1 200 OK"
2026-08-14 03:33:05,677 [INFO] HTTP Request: POST http://localhost:8000/api/v2/tenants/default_tenant/databases/default_database/collections/bd4a6e7d-3687-4753-ba76-f2e862253781/get "HTTP/1.1 200 OK"
2026-08-14 03:33:05,689 [INFO] HTTP Request: POST http://localhost:8000/api/v2/tenants/default_tenant/databases/default_database/collections/bd4a6e7d-3687-4753-ba76-f2e862253781/get "HTTP/1.1 200 OK"
2026-08-14 03:33:32,475 [INFO] HTTP Request: POST https://dashscope.aliyuncs.com/compatible-mode/v1/embeddings "HTTP/1.1 200 OK"
2026-08-14 03:33:32,483 [INFO] HTTP Request: GET http://localhost:8000/api/v2/pre-flight-checks "HTTP/1.1 200 OK"
2026-08-14 03:33:32,520 [INFO] HTTP Request: POST http://localhost:8000/api/v2/tenants/default_tenant/databases/default_database/collections/bd4a6e7d-3687-4753-ba76-f2e862253781/add "HTTP/1.1 201 Created"
2026-08-14 03:34:30,829 [INFO] HTTP Request: POST https://dashscope.aliyuncs.com/compatible-mode/v1/embeddings "HTTP/1.1 200 OK"
2026-08-14 03:34:30,869 [INFO] HTTP Request: POST http://localhost:8000/api/v2/tenants/default_tenant/databases/default_database/collections/bd4a6e7d-3687-4753-ba76-f2e862253781/query "HTTP/1.1 200 OK"
2026-08-14 03:34:30,998 [INFO] HTTP Request: POST http://localhost:8000/api/v2/tenants/default_tenant/databases/default_database/collections/bd4a6e7d-3687-4753-ba76-f2e862253781/get "HTTP/1.1 200 OK"
2026-08-14 03:34:31,012 [INFO] HTTP Request: POST http://localhost:8000/api/v2/tenants/default_tenant/databases/default_database/collections/bd4a6e7d-3687-4753-ba76-f2e862253781/get "HTTP/1.1 200 OK"
2026-08-14 03:34:31,024 [INFO] HTTP Request: POST http://localhost:8000/api/v2/tenants/default_tenant/databases/default_database/collections/bd4a6e7d-3687-4753-ba76-f2e862253781/get "HTTP/1.1 200 OK"
2026-08-14 03:34:31,035 [INFO] HTTP Request: POST http://localhost:8000/api/v2/tenants/default_tenant/databases/default_database/collections/bd4a6e7d-3687-4753-ba76-f2e862253781/get "HTTP/1.1 200 OK"
2026-08-14 03:34:31,045 [INFO] HTTP Request: POST http://localhost:8000/api/v2/tenants/default_tenant/databases/default_database/collections/bd4a6e7d-3687-4753-ba76-f2e862253781/get "HTTP/1.1 200 OK"
2026-08-14 03:34:31,055 [INFO] HTTP Request: POST http://localhost:8000/api/v2/tenants/default_tenant/databases/default_database/collections/bd4a6e7d-3687-4753-ba76-f2e862253781/get "HTTP/1.1 200 OK"
2026-08-14 03:34:31,065 [INFO] HTTP Request: POST http://localhost:8000/api/v2/tenants/default_tenant/databases/default_database/collections/bd4a6e7d-3687-4753-ba76-f2e862253781/get "HTTP/1.1 200 OK"
2026-08-14 03:34:47,220 [INFO] HTTP Request: POST https://dashscope.aliyuncs.com/compatible-mode/v1/embeddings "HTTP/1.1 200 OK"
2026-08-14 03:34:47,274 [INFO] HTTP Request: POST http://localhost:8000/api/v2/tenants/default_tenant/databases/default_database/collections/bd4a6e7d-3687-4753-ba76-f2e862253781/add "HTTP/1.1 201 Created"
2026-08-14 03:35:50,555 [INFO] HTTP Request: GET http://localhost:8000/api/v2/tenants/default_tenant/databases/default_database/collections/bd4a6e7d-3687-4753-ba76-f2e862253781/count?read_level=index_and_wal "HTTP/1.1 200 OK"
2026-08-14 03:37:30,749 [INFO] HTTP Request: POST https://dashscope.aliyuncs.com/compatible-mode/v1/embeddings "HTTP/1.1 200 OK"
2026-08-14 03:37:30,797 [INFO] HTTP Request: POST http://localhost:8000/api/v2/tenants/default_tenant/databases/default_database/collections/bd4a6e7d-3687-4753-ba76-f2e862253781/query "HTTP/1.1 200 OK"
2026-08-14 03:37:30,971 [INFO] HTTP Request: POST http://localhost:8000/api/v2/tenants/default_tenant/databases/default_database/collections/bd4a6e7d-3687-4753-ba76-f2e862253781/get "HTTP/1.1 200 OK"
2026-08-14 03:37:30,980 [INFO] HTTP Request: POST http://localhost:8000/api/v2/tenants/default_tenant/databases/default_database/collections/bd4a6e7d-3687-4753-ba76-f2e862253781/get "HTTP/1.1 200 OK"
2026-08-14 03:37:30,989 [INFO] HTTP Request: POST http://localhost:8000/api/v2/tenants/default_tenant/databases/default_database/collections/bd4a6e7d-3687-4753-ba76-f2e862253781/get "HTTP/1.1 200 OK"
2026-08-14 03:37:31,002 [INFO] HTTP Request: POST http://localhost:8000/api/v2/tenants/default_tenant/databases/default_database/collections/bd4a6e7d-3687-4753-ba76-f2e862253781/get "HTTP/1.1 200 OK"
2026-08-14 03:37:31,015 [INFO] HTTP Request: POST http://localhost:8000/api/v2/tenants/default_tenant/databases/default_database/collections/bd4a6e7d-3687-4753-ba76-f2e862253781/get "HTTP/1.1 200 OK"
2026-08-14 03:37:31,027 [INFO] HTTP Request: POST http://localhost:8000/api/v2/tenants/default_tenant/databases/default_database/collections/bd4a6e7d-3687-4753-ba76-f2e862253781/get "HTTP/1.1 200 OK"
2026-08-14 03:37:31,038 [INFO] HTTP Request: POST http://localhost:8000/api/v2/tenants/default_tenant/databases/default_database/collections/bd4a6e7d-3687-4753-ba76-f2e862253781/get "HTTP/1.1 200 OK"
2026-08-14 03:39:21,479 [INFO] Running job "check_and_update_summary (trigger: interval[0:10:00], next run at: 2026-08-14 03:49:21 CST)" (scheduled at 2026-08-14 03:39:21.478471+08:00)
2026-08-14 03:39:21,484 [INFO] Summary 未达阈值：新增 12/50（水位线 2781）
2026-08-14 03:39:21,485 [INFO] Job "check_and_update_summary (trigger: interval[0:10:00], next run at: 2026-08-14 03:49:21 CST)" executed successfully
2026-08-14 03:39:21,485 [INFO] Running job "check_and_update_narrative (trigger: interval[0:10:00], next run at: 2026-08-14 03:49:21 CST)" (scheduled at 2026-08-14 03:39:21.478973+08:00)
2026-08-14 03:39:21,487 [INFO] Narrative 未达阈值：新增 5/30（水位线 854）
2026-08-14 03:39:21,487 [INFO] Job "check_and_update_narrative (trigger: interval[0:10:00], next run at: 2026-08-14 03:49:21 CST)" executed successfully
2026-08-14 03:49:21,480 [INFO] Running job "check_and_update_summary (trigger: interval[0:10:00], next run at: 2026-08-14 03:59:21 CST)" (scheduled at 2026-08-14 03:49:21.478471+08:00)
2026-08-14 03:49:21,489 [INFO] Summary 未达阈值：新增 12/50（水位线 2781）
2026-08-14 03:49:21,490 [INFO] Job "check_and_update_summary (trigger: interval[0:10:00], next run at: 2026-08-14 03:59:21 CST)" executed successfully
2026-08-14 03:49:21,491 [INFO] Running job "check_and_update_narrative (trigger: interval[0:10:00], next run at: 2026-08-14 03:59:21 CST)" (scheduled at 2026-08-14 03:49:21.478973+08:00)
2026-08-14 03:49:21,493 [INFO] Narrative 未达阈值：新增 6/30（水位线 854）
2026-08-14 03:49:21,493 [INFO] Job "check_and_update_narrative (trigger: interval[0:10:00], next run at: 2026-08-14 03:59:21 CST)" executed successfully
2026-08-14 03:59:21,481 [INFO] Running job "check_and_update_summary (trigger: interval[0:10:00], next run at: 2026-08-14 04:09:21 CST)" (scheduled at 2026-08-14 03:59:21.478471+08:00)
2026-08-14 03:59:21,492 [INFO] Summary 未达阈值：新增 12/50（水位线 2781）
2026-08-14 03:59:21,493 [INFO] Job "check_and_update_summary (trigger: interval[0:10:00], next run at: 2026-08-14 04:09:21 CST)" executed successfully
2026-08-14 03:59:21,494 [INFO] Running job "check_and_update_narrative (trigger: interval[0:10:00], next run at: 2026-08-14 04:09:21 CST)" (scheduled at 2026-08-14 03:59:21.478973+08:00)
2026-08-14 03:59:21,496 [INFO] Narrative 未达阈值：新增 6/30（水位线 854）
2026-08-14 03:59:21,496 [INFO] Job "check_and_update_narrative (trigger: interval[0:10:00], next run at: 2026-08-14 04:09:21 CST)" executed successfully
2026-08-14 04:09:21,479 [INFO] Running job "check_and_update_summary (trigger: interval[0:10:00], next run at: 2026-08-14 04:19:21 CST)" (scheduled at 2026-08-14 04:09:21.478471+08:00)
2026-08-14 04:09:21,489 [INFO] Summary 未达阈值：新增 12/50（水位线 2781）
2026-08-14 04:09:21,489 [INFO] Job "check_and_update_summary (trigger: interval[0:10:00], next run at: 2026-08-14 04:19:21 CST)" executed successfully
2026-08-14 04:09:21,490 [INFO] Running job "check_and_update_narrative (trigger: interval[0:10:00], next run at: 2026-08-14 04:19:21 CST)" (scheduled at 2026-08-14 04:09:21.478973+08:00)
2026-08-14 04:09:21,493 [INFO] Narrative 未达阈值：新增 6/30（水位线 854）
2026-08-14 04:09:21,493 [INFO] Job "check_and_update_narrative (trigger: interval[0:10:00], next run at: 2026-08-14 04:19:21 CST)" executed successfully
2026-08-14 04:19:21,480 [INFO] Running job "check_and_update_summary (trigger: interval[0:10:00], next run at: 2026-08-14 04:29:21 CST)" (scheduled at 2026-08-14 04:19:21.478471+08:00)
2026-08-14 04:19:21,488 [INFO] Summary 未达阈值：新增 12/50（水位线 2781）
2026-08-14 04:19:21,489 [INFO] Job "check_and_update_summary (trigger: interval[0:10:00], next run at: 2026-08-14 04:29:21 CST)" executed successfully
2026-08-14 04:19:21,489 [INFO] Running job "check_and_update_narrative (trigger: interval[0:10:00], next run at: 2026-08-14 04:29:21 CST)" (scheduled at 2026-08-14 04:19:21.478973+08:00)
2026-08-14 04:19:21,491 [INFO] Narrative 未达阈值：新增 6/30（水位线 854）
2026-08-14 04:19:21,491 [INFO] Job "check_and_update_narrative (trigger: interval[0:10:00], next run at: 2026-08-14 04:29:21 CST)" executed successfully
2026-08-14 04:29:21,480 [INFO] Running job "check_and_update_summary (trigger: interval[0:10:00], next run at: 2026-08-14 04:39:21 CST)" (scheduled at 2026-08-14 04:29:21.478471+08:00)
2026-08-14 04:29:21,488 [INFO] Summary 未达阈值：新增 12/50（水位线 2781）
2026-08-14 04:29:21,489 [INFO] Job "check_and_update_summary (trigger: interval[0:10:00], next run at: 2026-08-14 04:39:21 CST)" executed successfully
2026-08-14 04:29:21,490 [INFO] Running job "check_and_update_narrative (trigger: interval[0:10:00], next run at: 2026-08-14 04:39:21 CST)" (scheduled at 2026-08-14 04:29:21.478973+08:00)
2026-08-14 04:29:21,492 [INFO] Narrative 未达阈值：新增 6/30（水位线 854）
2026-08-14 04:29:21,493 [INFO] Job "check_and_update_narrative (trigger: interval[0:10:00], next run at: 2026-08-14 04:39:21 CST)" executed successfully
2026-08-14 04:39:21,480 [INFO] Running job "check_and_update_summary (trigger: interval[0:10:00], next run at: 2026-08-14 04:49:21 CST)" (scheduled at 2026-08-14 04:39:21.478471+08:00)
2026-08-14 04:39:21,490 [INFO] Summary 未达阈值：新增 12/50（水位线 2781）
2026-08-14 04:39:21,491 [INFO] Job "check_and_update_summary (trigger: interval[0:10:00], next run at: 2026-08-14 04:49:21 CST)" executed successfully
2026-08-14 04:39:21,491 [INFO] Running job "check_and_update_narrative (trigger: interval[0:10:00], next run at: 2026-08-14 04:49:21 CST)" (scheduled at 2026-08-14 04:39:21.478973+08:00)
2026-08-14 04:39:21,493 [INFO] Narrative 未达阈值：新增 6/30（水位线 854）
2026-08-14 04:39:21,493 [INFO] Job "check_and_update_narrative (trigger: interval[0:10:00], next run at: 2026-08-14 04:49:21 CST)" executed successfully
2026-08-14 04:49:21,481 [INFO] Running job "check_and_update_summary (trigger: interval[0:10:00], next run at: 2026-08-14 04:59:21 CST)" (scheduled at 2026-08-14 04:49:21.478471+08:00)
2026-08-14 04:49:21,489 [INFO] Summary 未达阈值：新增 12/50（水位线 2781）
2026-08-14 04:49:21,490 [INFO] Job "check_and_update_summary (trigger: interval[0:10:00], next run at: 2026-08-14 04:59:21 CST)" executed successfully
2026-08-14 04:49:21,490 [INFO] Running job "check_and_update_narrative (trigger: interval[0:10:00], next run at: 2026-08-14 04:59:21 CST)" (scheduled at 2026-08-14 04:49:21.478973+08:00)
2026-08-14 04:49:21,492 [INFO] Narrative 未达阈值：新增 6/30（水位线 854）
2026-08-14 04:49:21,492 [INFO] Job "check_and_update_narrative (trigger: interval[0:10:00], next run at: 2026-08-14 04:59:21 CST)" executed successfully
2026-08-14 04:58:52,004 [INFO] HTTP Request: GET http://localhost:8000/api/v2/tenants/default_tenant/databases/default_database/collections/bd4a6e7d-3687-4753-ba76-f2e862253781/count?read_level=index_and_wal "HTTP/1.1 200 OK"
2026-08-14 04:59:21,479 [INFO] Running job "check_and_update_summary (trigger: interval[0:10:00], next run at: 2026-08-14 05:09:21 CST)" (scheduled at 2026-08-14 04:59:21.478471+08:00)
2026-08-14 04:59:21,483 [INFO] Summary 未达阈值：新增 12/50（水位线 2781）
2026-08-14 04:59:21,483 [INFO] Job "check_and_update_summary (trigger: interval[0:10:00], next run at: 2026-08-14 05:09:21 CST)" executed successfully
2026-08-14 04:59:21,484 [INFO] Running job "check_and_update_narrative (trigger: interval[0:10:00], next run at: 2026-08-14 05:09:21 CST)" (scheduled at 2026-08-14 04:59:21.478973+08:00)
2026-08-14 04:59:21,485 [INFO] Narrative 未达阈值：新增 6/30（水位线 854）
2026-08-14 04:59:21,485 [INFO] Job "check_and_update_narrative (trigger: interval[0:10:00], next run at: 2026-08-14 05:09:21 CST)" executed successfully
2026-08-14 05:09:21,481 [INFO] Running job "check_and_update_summary (trigger: interval[0:10:00], next run at: 2026-08-14 05:19:21 CST)" (scheduled at 2026-08-14 05:09:21.478471+08:00)
2026-08-14 05:09:21,490 [INFO] Summary 未达阈值：新增 12/50（水位线 2781）
2026-08-14 05:09:21,490 [INFO] Job "check_and_update_summary (trigger: interval[0:10:00], next run at: 2026-08-14 05:19:21 CST)" executed successfully
2026-08-14 05:09:21,491 [INFO] Running job "check_and_update_narrative (trigger: interval[0:10:00], next run at: 2026-08-14 05:19:21 CST)" (scheduled at 2026-08-14 05:09:21.478973+08:00)
2026-08-14 05:09:21,493 [INFO] Narrative 未达阈值：新增 6/30（水位线 854）
2026-08-14 05:09:21,493 [INFO] Job "check_and_update_narrative (trigger: interval[0:10:00], next run at: 2026-08-14 05:19:21 CST)" executed successfully
2026-08-14 05:19:21,481 [INFO] Running job "check_and_update_summary (trigger: interval[0:10:00], next run at: 2026-08-14 05:29:21 CST)" (scheduled at 2026-08-14 05:19:21.478471+08:00)
2026-08-14 05:19:21,491 [INFO] Summary 未达阈值：新增 12/50（水位线 2781）
2026-08-14 05:19:21,491 [INFO] Job "check_and_update_summary (trigger: interval[0:10:00], next run at: 2026-08-14 05:29:21 CST)" executed successfully
2026-08-14 05:19:21,492 [INFO] Running job "check_and_update_narrative (trigger: interval[0:10:00], next run at: 2026-08-14 05:29:21 CST)" (scheduled at 2026-08-14 05:19:21.478973+08:00)
2026-08-14 05:19:21,493 [INFO] Narrative 未达阈值：新增 6/30（水位线 854）
2026-08-14 05:19:21,494 [INFO] Job "check_and_update_narrative (trigger: interval[0:10:00], next run at: 2026-08-14 05:29:21 CST)" executed successfully
2026-08-14 05:29:21,481 [INFO] Running job "check_and_update_summary (trigger: interval[0:10:00], next run at: 2026-08-14 05:39:21 CST)" (scheduled at 2026-08-14 05:29:21.478471+08:00)
2026-08-14 05:29:21,488 [INFO] Summary 未达阈值：新增 12/50（水位线 2781）
2026-08-14 05:29:21,492 [INFO] Job "check_and_update_summary (trigger: interval[0:10:00], next run at: 2026-08-14 05:39:21 CST)" executed successfully
2026-08-14 05:29:21,492 [INFO] Running job "check_and_update_narrative (trigger: interval[0:10:00], next run at: 2026-08-14 05:39:21 CST)" (scheduled at 2026-08-14 05:29:21.478973+08:00)
2026-08-14 05:29:21,495 [INFO] Narrative 未达阈值：新增 6/30（水位线 854）
2026-08-14 05:29:21,495 [INFO] Job "check_and_update_narrative (trigger: interval[0:10:00], next run at: 2026-08-14 05:39:21 CST)" executed successfully
2026-08-14 05:39:21,481 [INFO] Running job "check_and_update_summary (trigger: interval[0:10:00], next run at: 2026-08-14 05:49:21 CST)" (scheduled at 2026-08-14 05:39:21.478471+08:00)
2026-08-14 05:39:21,492 [INFO] Summary 未达阈值：新增 12/50（水位线 2781）
2026-08-14 05:39:21,492 [INFO] Job "check_and_update_summary (trigger: interval[0:10:00], next run at: 2026-08-14 05:49:21 CST)" executed successfully
2026-08-14 05:39:21,493 [INFO] Running job "check_and_update_narrative (trigger: interval[0:10:00], next run at: 2026-08-14 05:49:21 CST)" (scheduled at 2026-08-14 05:39:21.478973+08:00)
2026-08-14 05:39:21,494 [INFO] Narrative 未达阈值：新增 6/30（水位线 854）
2026-08-14 05:39:21,495 [INFO] Job "check_and_update_narrative (trigger: interval[0:10:00], next run at: 2026-08-14 05:49:21 CST)" executed successfully
2026-08-14 05:49:21,480 [INFO] Running job "check_and_update_summary (trigger: interval[0:10:00], next run at: 2026-08-14 05:59:21 CST)" (scheduled at 2026-08-14 05:49:21.478471+08:00)
2026-08-14 05:49:21,488 [INFO] Summary 未达阈值：新增 12/50（水位线 2781）
2026-08-14 05:49:21,489 [INFO] Job "check_and_update_summary (trigger: interval[0:10:00], next run at: 2026-08-14 05:59:21 CST)" executed successfully
2026-08-14 05:49:21,489 [INFO] Running job "check_and_update_narrative (trigger: interval[0:10:00], next run at: 2026-08-14 05:59:21 CST)" (scheduled at 2026-08-14 05:49:21.478973+08:00)
2026-08-14 05:49:21,491 [INFO] Narrative 未达阈值：新增 6/30（水位线 854）
2026-08-14 05:49:21,491 [INFO] Job "check_and_update_narrative (trigger: interval[0:10:00], next run at: 2026-08-14 05:59:21 CST)" executed successfully
2026-08-14 05:59:21,481 [INFO] Running job "check_and_update_summary (trigger: interval[0:10:00], next run at: 2026-08-14 06:09:21 CST)" (scheduled at 2026-08-14 05:59:21.478471+08:00)
2026-08-14 05:59:21,488 [INFO] Summary 未达阈值：新增 12/50（水位线 2781）
2026-08-14 05:59:21,489 [INFO] Job "check_and_update_summary (trigger: interval[0:10:00], next run at: 2026-08-14 06:09:21 CST)" executed successfully
2026-08-14 05:59:21,489 [INFO] Running job "check_and_update_narrative (trigger: interval[0:10:00], next run at: 2026-08-14 06:09:21 CST)" (scheduled at 2026-08-14 05:59:21.478973+08:00)
2026-08-14 05:59:21,491 [INFO] Narrative 未达阈值：新增 6/30（水位线 854）
2026-08-14 05:59:21,491 [INFO] Job "check_and_update_narrative (trigger: interval[0:10:00], next run at: 2026-08-14 06:09:21 CST)" executed successfully
2026-08-14 06:09:21,481 [INFO] Running job "check_and_update_summary (trigger: interval[0:10:00], next run at: 2026-08-14 06:19:21 CST)" (scheduled at 2026-08-14 06:09:21.478471+08:00)
2026-08-14 06:09:21,494 [INFO] Summary 未达阈值：新增 12/50（水位线 2781）
2026-08-14 06:09:21,495 [INFO] Job "check_and_update_summary (trigger: interval[0:10:00], next run at: 2026-08-14 06:19:21 CST)" executed successfully
2026-08-14 06:09:21,495 [INFO] Running job "check_and_update_narrative (trigger: interval[0:10:00], next run at: 2026-08-14 06:19:21 CST)" (scheduled at 2026-08-14 06:09:21.478973+08:00)
2026-08-14 06:09:21,497 [INFO] Narrative 未达阈值：新增 6/30（水位线 854）
2026-08-14 06:09:21,497 [INFO] Job "check_and_update_narrative (trigger: interval[0:10:00], next run at: 2026-08-14 06:19:21 CST)" executed successfully
2026-08-14 06:19:21,480 [INFO] Running job "check_and_update_summary (trigger: interval[0:10:00], next run at: 2026-08-14 06:29:21 CST)" (scheduled at 2026-08-14 06:19:21.478471+08:00)
2026-08-14 06:19:21,489 [INFO] Summary 未达阈值：新增 12/50（水位线 2781）
2026-08-14 06:19:21,489 [INFO] Job "check_and_update_summary (trigger: interval[0:10:00], next run at: 2026-08-14 06:29:21 CST)" executed successfully
2026-08-14 06:19:21,490 [INFO] Running job "check_and_update_narrative (trigger: interval[0:10:00], next run at: 2026-08-14 06:29:21 CST)" (scheduled at 2026-08-14 06:19:21.478973+08:00)
2026-08-14 06:19:21,492 [INFO] Narrative 未达阈值：新增 6/30（水位线 854）
2026-08-14 06:19:21,492 [INFO] Job "check_and_update_narrative (trigger: interval[0:10:00], next run at: 2026-08-14 06:29:21 CST)" executed successfully
2026-08-14 06:29:21,482 [INFO] Running job "check_and_update_summary (trigger: interval[0:10:00], next run at: 2026-08-14 06:39:21 CST)" (scheduled at 2026-08-14 06:29:21.478471+08:00)
2026-08-14 06:29:21,496 [INFO] Summary 未达阈值：新增 12/50（水位线 2781）
2026-08-14 06:29:21,497 [INFO] Job "check_and_update_summary (trigger: interval[0:10:00], next run at: 2026-08-14 06:39:21 CST)" executed successfully
2026-08-14 06:29:21,498 [INFO] Running job "check_and_update_narrative (trigger: interval[0:10:00], next run at: 2026-08-14 06:39:21 CST)" (scheduled at 2026-08-14 06:29:21.478973+08:00)
2026-08-14 06:29:21,500 [INFO] Narrative 未达阈值：新增 6/30（水位线 854）
2026-08-14 06:29:21,501 [INFO] Job "check_and_update_narrative (trigger: interval[0:10:00], next run at: 2026-08-14 06:39:21 CST)" executed successfully
2026-08-14 06:39:21,480 [INFO] Running job "check_and_update_summary (trigger: interval[0:10:00], next run at: 2026-08-14 06:49:21 CST)" (scheduled at 2026-08-14 06:39:21.478471+08:00)
2026-08-14 06:39:21,494 [INFO] Summary 未达阈值：新增 12/50（水位线 2781）
2026-08-14 06:39:21,494 [INFO] Job "check_and_update_summary (trigger: interval[0:10:00], next run at: 2026-08-14 06:49:21 CST)" executed successfully
2026-08-14 06:39:21,495 [INFO] Running job "check_and_update_narrative (trigger: interval[0:10:00], next run at: 2026-08-14 06:49:21 CST)" (scheduled at 2026-08-14 06:39:21.478973+08:00)
2026-08-14 06:39:21,497 [INFO] Narrative 未达阈值：新增 6/30（水位线 854）
2026-08-14 06:39:21,497 [INFO] Job "check_and_update_narrative (trigger: interval[0:10:00], next run at: 2026-08-14 06:49:21 CST)" executed successfully
2026-08-14 06:49:21,480 [INFO] Running job "check_and_update_summary (trigger: interval[0:10:00], next run at: 2026-08-14 06:59:21 CST)" (scheduled at 2026-08-14 06:49:21.478471+08:00)
2026-08-14 06:49:21,487 [INFO] Summary 未达阈值：新增 12/50（水位线 2781）
2026-08-14 06:49:21,488 [INFO] Job "check_and_update_summary (trigger: interval[0:10:00], next run at: 2026-08-14 06:59:21 CST)" executed successfully
2026-08-14 06:49:21,488 [INFO] Running job "check_and_update_narrative (trigger: interval[0:10:00], next run at: 2026-08-14 06:59:21 CST)" (scheduled at 2026-08-14 06:49:21.478973+08:00)
2026-08-14 06:49:21,490 [INFO] Narrative 未达阈值：新增 6/30（水位线 854）
2026-08-14 06:49:21,490 [INFO] Job "check_and_update_narrative (trigger: interval[0:10:00], next run at: 2026-08-14 06:59:21 CST)" executed successfully
2026-08-14 06:59:21,480 [INFO] Running job "check_and_update_summary (trigger: interval[0:10:00], next run at: 2026-08-14 07:09:21 CST)" (scheduled at 2026-08-14 06:59:21.478471+08:00)
2026-08-14 06:59:21,492 [INFO] Summary 未达阈值：新增 12/50（水位线 2781）
2026-08-14 06:59:21,493 [INFO] Job "check_and_update_summary (trigger: interval[0:10:00], next run at: 2026-08-14 07:09:21 CST)" executed successfully
2026-08-14 06:59:21,494 [INFO] Running job "check_and_update_narrative (trigger: interval[0:10:00], next run at: 2026-08-14 07:09:21 CST)" (scheduled at 2026-08-14 06:59:21.478973+08:00)
2026-08-14 06:59:21,497 [INFO] Narrative 未达阈值：新增 6/30（水位线 854）
2026-08-14 06:59:21,497 [INFO] Job "check_and_update_narrative (trigger: interval[0:10:00], next run at: 2026-08-14 07:09:21 CST)" executed successfully
2026-08-14 07:09:21,481 [INFO] Running job "check_and_update_summary (trigger: interval[0:10:00], next run at: 2026-08-14 07:19:21 CST)" (scheduled at 2026-08-14 07:09:21.478471+08:00)
2026-08-14 07:09:21,491 [INFO] Summary 未达阈值：新增 12/50（水位线 2781）
2026-08-14 07:09:21,491 [INFO] Job "check_and_update_summary (trigger: interval[0:10:00], next run at: 2026-08-14 07:19:21 CST)" executed successfully
2026-08-14 07:09:21,492 [INFO] Running job "check_and_update_narrative (trigger: interval[0:10:00], next run at: 2026-08-14 07:19:21 CST)" (scheduled at 2026-08-14 07:09:21.478973+08:00)
2026-08-14 07:09:21,494 [INFO] Narrative 未达阈值：新增 6/30（水位线 854）
2026-08-14 07:09:21,494 [INFO] Job "check_and_update_narrative (trigger: interval[0:10:00], next run at: 2026-08-14 07:19:21 CST)" executed successfully
2026-08-14 07:19:21,481 [INFO] Running job "check_and_update_summary (trigger: interval[0:10:00], next run at: 2026-08-14 07:29:21 CST)" (scheduled at 2026-08-14 07:19:21.478471+08:00)
2026-08-14 07:19:21,488 [INFO] Summary 未达阈值：新增 12/50（水位线 2781）
2026-08-14 07:19:21,489 [INFO] Job "check_and_update_summary (trigger: interval[0:10:00], next run at: 2026-08-14 07:29:21 CST)" executed successfully
2026-08-14 07:19:21,490 [INFO] Running job "check_and_update_narrative (trigger: interval[0:10:00], next run at: 2026-08-14 07:29:21 CST)" (scheduled at 2026-08-14 07:19:21.478973+08:00)
2026-08-14 07:19:21,492 [INFO] Narrative 未达阈值：新增 6/30（水位线 854）
2026-08-14 07:19:21,493 [INFO] Job "check_and_update_narrative (trigger: interval[0:10:00], next run at: 2026-08-14 07:29:21 CST)" executed successfully
2026-08-14 07:29:21,481 [INFO] Running job "check_and_update_summary (trigger: interval[0:10:00], next run at: 2026-08-14 07:39:21 CST)" (scheduled at 2026-08-14 07:29:21.478471+08:00)
2026-08-14 07:29:21,498 [INFO] Summary 未达阈值：新增 12/50（水位线 2781）
2026-08-14 07:29:21,498 [INFO] Job "check_and_update_summary (trigger: interval[0:10:00], next run at: 2026-08-14 07:39:21 CST)" executed successfully
2026-08-14 07:29:21,499 [INFO] Running job "check_and_update_narrative (trigger: interval[0:10:00], next run at: 2026-08-14 07:39:21 CST)" (scheduled at 2026-08-14 07:29:21.478973+08:00)
2026-08-14 07:29:21,501 [INFO] Narrative 未达阈值：新增 6/30（水位线 854）
2026-08-14 07:29:21,501 [INFO] Job "check_and_update_narrative (trigger: interval[0:10:00], next run at: 2026-08-14 07:39:21 CST)" executed successfully
2026-08-14 07:39:21,480 [INFO] Running job "check_and_update_summary (trigger: interval[0:10:00], next run at: 2026-08-14 07:49:21 CST)" (scheduled at 2026-08-14 07:39:21.478471+08:00)
2026-08-14 07:39:21,492 [INFO] Summary 未达阈值：新增 12/50（水位线 2781）
2026-08-14 07:39:21,494 [INFO] Job "check_and_update_summary (trigger: interval[0:10:00], next run at: 2026-08-14 07:49:21 CST)" executed successfully
2026-08-14 07:39:21,495 [INFO] Running job "check_and_update_narrative (trigger: interval[0:10:00], next run at: 2026-08-14 07:49:21 CST)" (scheduled at 2026-08-14 07:39:21.478973+08:00)
2026-08-14 07:39:21,498 [INFO] Narrative 未达阈值：新增 6/30（水位线 854）
2026-08-14 07:39:21,498 [INFO] Job "check_and_update_narrative (trigger: interval[0:10:00], next run at: 2026-08-14 07:49:21 CST)" executed successfully
2026-08-14 07:49:21,482 [INFO] Running job "check_and_update_summary (trigger: interval[0:10:00], next run at: 2026-08-14 07:59:21 CST)" (scheduled at 2026-08-14 07:49:21.478471+08:00)
2026-08-14 07:49:21,495 [INFO] Summary 未达阈值：新增 12/50（水位线 2781）
2026-08-14 07:49:21,495 [INFO] Job "check_and_update_summary (trigger: interval[0:10:00], next run at: 2026-08-14 07:59:21 CST)" executed successfully
2026-08-14 07:49:21,496 [INFO] Running job "check_and_update_narrative (trigger: interval[0:10:00], next run at: 2026-08-14 07:59:21 CST)" (scheduled at 2026-08-14 07:49:21.478973+08:00)
2026-08-14 07:49:21,497 [INFO] Narrative 未达阈值：新增 6/30（水位线 854）
2026-08-14 07:49:21,497 [INFO] Job "check_and_update_narrative (trigger: interval[0:10:00], next run at: 2026-08-14 07:59:21 CST)" executed successfully
2026-08-14 07:59:21,480 [INFO] Running job "check_and_update_summary (trigger: interval[0:10:00], next run at: 2026-08-14 08:09:21 CST)" (scheduled at 2026-08-14 07:59:21.478471+08:00)
2026-08-14 07:59:21,489 [INFO] Summary 未达阈值：新增 12/50（水位线 2781）
2026-08-14 07:59:21,490 [INFO] Job "check_and_update_summary (trigger: interval[0:10:00], next run at: 2026-08-14 08:09:21 CST)" executed successfully
2026-08-14 07:59:21,492 [INFO] Running job "check_and_update_narrative (trigger: interval[0:10:00], next run at: 2026-08-14 08:09:21 CST)" (scheduled at 2026-08-14 07:59:21.478973+08:00)
2026-08-14 07:59:21,494 [INFO] Narrative 未达阈值：新增 6/30（水位线 854）
2026-08-14 07:59:21,495 [INFO] Job "check_and_update_narrative (trigger: interval[0:10:00], next run at: 2026-08-14 08:09:21 CST)" executed successfully
2026-08-14 08:09:21,481 [INFO] Running job "check_and_update_summary (trigger: interval[0:10:00], next run at: 2026-08-14 08:19:21 CST)" (scheduled at 2026-08-14 08:09:21.478471+08:00)
2026-08-14 08:09:21,494 [INFO] Summary 未达阈值：新增 12/50（水位线 2781）
2026-08-14 08:09:21,494 [INFO] Job "check_and_update_summary (trigger: interval[0:10:00], next run at: 2026-08-14 08:19:21 CST)" executed successfully
2026-08-14 08:09:21,495 [INFO] Running job "check_and_update_narrative (trigger: interval[0:10:00], next run at: 2026-08-14 08:19:21 CST)" (scheduled at 2026-08-14 08:09:21.478973+08:00)
2026-08-14 08:09:21,498 [INFO] Narrative 未达阈值：新增 6/30（水位线 854）
2026-08-14 08:09:21,498 [INFO] Job "check_and_update_narrative (trigger: interval[0:10:00], next run at: 2026-08-14 08:19:21 CST)" executed successfully
2026-08-14 08:19:21,481 [INFO] Running job "check_and_update_summary (trigger: interval[0:10:00], next run at: 2026-08-14 08:29:21 CST)" (scheduled at 2026-08-14 08:19:21.478471+08:00)
2026-08-14 08:19:21,491 [INFO] Summary 未达阈值：新增 12/50（水位线 2781）
2026-08-14 08:19:21,492 [INFO] Job "check_and_update_summary (trigger: interval[0:10:00], next run at: 2026-08-14 08:29:21 CST)" executed successfully
2026-08-14 08:19:21,493 [INFO] Running job "check_and_update_narrative (trigger: interval[0:10:00], next run at: 2026-08-14 08:29:21 CST)" (scheduled at 2026-08-14 08:19:21.478973+08:00)
2026-08-14 08:19:21,495 [INFO] Narrative 未达阈值：新增 6/30（水位线 854）
2026-08-14 08:19:21,495 [INFO] Job "check_and_update_narrative (trigger: interval[0:10:00], next run at: 2026-08-14 08:29:21 CST)" executed successfully
2026-08-14 08:29:21,481 [INFO] Running job "check_and_update_summary (trigger: interval[0:10:00], next run at: 2026-08-14 08:39:21 CST)" (scheduled at 2026-08-14 08:29:21.478471+08:00)
2026-08-14 08:29:21,494 [INFO] Summary 未达阈值：新增 12/50（水位线 2781）
2026-08-14 08:29:21,494 [INFO] Job "check_and_update_summary (trigger: interval[0:10:00], next run at: 2026-08-14 08:39:21 CST)" executed successfully
2026-08-14 08:29:21,495 [INFO] Running job "check_and_update_narrative (trigger: interval[0:10:00], next run at: 2026-08-14 08:39:21 CST)" (scheduled at 2026-08-14 08:29:21.478973+08:00)
2026-08-14 08:29:21,497 [INFO] Narrative 未达阈值：新增 6/30（水位线 854）
2026-08-14 08:29:21,498 [INFO] Job "check_and_update_narrative (trigger: interval[0:10:00], next run at: 2026-08-14 08:39:21 CST)" executed successfully
2026-08-14 08:39:21,482 [INFO] Running job "check_and_update_summary (trigger: interval[0:10:00], next run at: 2026-08-14 08:49:21 CST)" (scheduled at 2026-08-14 08:39:21.478471+08:00)
2026-08-14 08:39:21,496 [INFO] Summary 未达阈值：新增 12/50（水位线 2781）
2026-08-14 08:39:21,503 [INFO] Job "check_and_update_summary (trigger: interval[0:10:00], next run at: 2026-08-14 08:49:21 CST)" executed successfully
2026-08-14 08:39:21,504 [INFO] Running job "check_and_update_narrative (trigger: interval[0:10:00], next run at: 2026-08-14 08:49:21 CST)" (scheduled at 2026-08-14 08:39:21.478973+08:00)
2026-08-14 08:39:21,506 [INFO] Narrative 未达阈值：新增 6/30（水位线 854）
2026-08-14 08:39:21,507 [INFO] Job "check_and_update_narrative (trigger: interval[0:10:00], next run at: 2026-08-14 08:49:21 CST)" executed successfully
2026-08-14 08:49:21,482 [INFO] Running job "check_and_update_summary (trigger: interval[0:10:00], next run at: 2026-08-14 08:59:21 CST)" (scheduled at 2026-08-14 08:49:21.478471+08:00)
2026-08-14 08:49:21,494 [INFO] Summary 未达阈值：新增 12/50（水位线 2781）
2026-08-14 08:49:21,495 [INFO] Job "check_and_update_summary (trigger: interval[0:10:00], next run at: 2026-08-14 08:59:21 CST)" executed successfully
2026-08-14 08:49:21,496 [INFO] Running job "check_and_update_narrative (trigger: interval[0:10:00], next run at: 2026-08-14 08:59:21 CST)" (scheduled at 2026-08-14 08:49:21.478973+08:00)
2026-08-14 08:49:21,498 [INFO] Narrative 未达阈值：新增 6/30（水位线 854）
2026-08-14 08:49:21,498 [INFO] Job "check_and_update_narrative (trigger: interval[0:10:00], next run at: 2026-08-14 08:59:21 CST)" executed successfully
2026-08-14 08:59:21,483 [INFO] Running job "check_and_update_summary (trigger: interval[0:10:00], next run at: 2026-08-14 09:09:21 CST)" (scheduled at 2026-08-14 08:59:21.478471+08:00)
2026-08-14 08:59:21,495 [INFO] Summary 未达阈值：新增 12/50（水位线 2781）
2026-08-14 08:59:21,496 [INFO] Job "check_and_update_summary (trigger: interval[0:10:00], next run at: 2026-08-14 09:09:21 CST)" executed successfully
2026-08-14 08:59:21,497 [INFO] Running job "check_and_update_narrative (trigger: interval[0:10:00], next run at: 2026-08-14 09:09:21 CST)" (scheduled at 2026-08-14 08:59:21.478973+08:00)
2026-08-14 08:59:21,500 [INFO] Narrative 未达阈值：新增 6/30（水位线 854）
2026-08-14 08:59:21,500 [INFO] Job "check_and_update_narrative (trigger: interval[0:10:00], next run at: 2026-08-14 09:09:21 CST)" executed successfully
2026-08-14 09:09:21,481 [INFO] Running job "check_and_update_summary (trigger: interval[0:10:00], next run at: 2026-08-14 09:19:21 CST)" (scheduled at 2026-08-14 09:09:21.478471+08:00)
2026-08-14 09:09:21,489 [INFO] Summary 未达阈值：新增 12/50（水位线 2781）
2026-08-14 09:09:21,490 [INFO] Job "check_and_update_summary (trigger: interval[0:10:00], next run at: 2026-08-14 09:19:21 CST)" executed successfully
2026-08-14 09:09:21,490 [INFO] Running job "check_and_update_narrative (trigger: interval[0:10:00], next run at: 2026-08-14 09:19:21 CST)" (scheduled at 2026-08-14 09:09:21.478973+08:00)
2026-08-14 09:09:21,492 [INFO] Narrative 未达阈值：新增 6/30（水位线 854）
2026-08-14 09:09:21,493 [INFO] Job "check_and_update_narrative (trigger: interval[0:10:00], next run at: 2026-08-14 09:19:21 CST)" executed successfully
2026-08-14 09:19:21,480 [INFO] Running job "check_and_update_summary (trigger: interval[0:10:00], next run at: 2026-08-14 09:29:21 CST)" (scheduled at 2026-08-14 09:19:21.478471+08:00)
2026-08-14 09:19:21,487 [INFO] Summary 未达阈值：新增 12/50（水位线 2781）
2026-08-14 09:19:21,488 [INFO] Job "check_and_update_summary (trigger: interval[0:10:00], next run at: 2026-08-14 09:29:21 CST)" executed successfully
2026-08-14 09:19:21,488 [INFO] Running job "check_and_update_narrative (trigger: interval[0:10:00], next run at: 2026-08-14 09:29:21 CST)" (scheduled at 2026-08-14 09:19:21.478973+08:00)
2026-08-14 09:19:21,491 [INFO] Narrative 未达阈值：新增 6/30（水位线 854）
2026-08-14 09:19:21,491 [INFO] Job "check_and_update_narrative (trigger: interval[0:10:00], next run at: 2026-08-14 09:29:21 CST)" executed successfully
2026-08-14 09:29:21,479 [INFO] Running job "check_and_update_summary (trigger: interval[0:10:00], next run at: 2026-08-14 09:39:21 CST)" (scheduled at 2026-08-14 09:29:21.478471+08:00)
2026-08-14 09:29:21,487 [INFO] Summary 未达阈值：新增 12/50（水位线 2781）
2026-08-14 09:29:21,488 [INFO] Job "check_and_update_summary (trigger: interval[0:10:00], next run at: 2026-08-14 09:39:21 CST)" executed successfully
2026-08-14 09:29:21,488 [INFO] Running job "check_and_update_narrative (trigger: interval[0:10:00], next run at: 2026-08-14 09:39:21 CST)" (scheduled at 2026-08-14 09:29:21.478973+08:00)
2026-08-14 09:29:21,490 [INFO] Narrative 未达阈值：新增 6/30（水位线 854）
2026-08-14 09:29:21,490 [INFO] Job "check_and_update_narrative (trigger: interval[0:10:00], next run at: 2026-08-14 09:39:21 CST)" executed successfully
2026-08-14 09:39:21,482 [INFO] Running job "check_and_update_summary (trigger: interval[0:10:00], next run at: 2026-08-14 09:49:21 CST)" (scheduled at 2026-08-14 09:39:21.478471+08:00)
2026-08-14 09:39:21,494 [INFO] Summary 未达阈值：新增 12/50（水位线 2781）
2026-08-14 09:39:21,494 [INFO] Job "check_and_update_summary (trigger: interval[0:10:00], next run at: 2026-08-14 09:49:21 CST)" executed successfully
2026-08-14 09:39:21,495 [INFO] Running job "check_and_update_narrative (trigger: interval[0:10:00], next run at: 2026-08-14 09:49:21 CST)" (scheduled at 2026-08-14 09:39:21.478973+08:00)
2026-08-14 09:39:21,497 [INFO] Narrative 未达阈值：新增 6/30（水位线 854）
2026-08-14 09:39:21,497 [INFO] Job "check_and_update_narrative (trigger: interval[0:10:00], next run at: 2026-08-14 09:49:21 CST)" executed successfully
2026-08-14 09:49:21,482 [INFO] Running job "check_and_update_summary (trigger: interval[0:10:00], next run at: 2026-08-14 09:59:21 CST)" (scheduled at 2026-08-14 09:49:21.478471+08:00)
2026-08-14 09:49:21,494 [INFO] Summary 未达阈值：新增 12/50（水位线 2781）
2026-08-14 09:49:21,494 [INFO] Job "check_and_update_summary (trigger: interval[0:10:00], next run at: 2026-08-14 09:59:21 CST)" executed successfully
2026-08-14 09:49:21,495 [INFO] Running job "check_and_update_narrative (trigger: interval[0:10:00], next run at: 2026-08-14 09:59:21 CST)" (scheduled at 2026-08-14 09:49:21.478973+08:00)
2026-08-14 09:49:21,497 [INFO] Narrative 未达阈值：新增 6/30（水位线 854）
2026-08-14 09:49:21,498 [INFO] Job "check_and_update_narrative (trigger: interval[0:10:00], next run at: 2026-08-14 09:59:21 CST)" executed successfully
2026-08-14 09:59:21,480 [INFO] Running job "check_and_update_summary (trigger: interval[0:10:00], next run at: 2026-08-14 10:09:21 CST)" (scheduled at 2026-08-14 09:59:21.478471+08:00)
2026-08-14 09:59:21,492 [INFO] Summary 未达阈值：新增 12/50（水位线 2781）
2026-08-14 09:59:21,492 [INFO] Job "check_and_update_summary (trigger: interval[0:10:00], next run at: 2026-08-14 10:09:21 CST)" executed successfully
2026-08-14 09:59:21,493 [INFO] Running job "check_and_update_narrative (trigger: interval[0:10:00], next run at: 2026-08-14 10:09:21 CST)" (scheduled at 2026-08-14 09:59:21.478973+08:00)
2026-08-14 09:59:21,495 [INFO] Narrative 未达阈值：新增 6/30（水位线 854）
2026-08-14 09:59:21,496 [INFO] Job "check_and_update_narrative (trigger: interval[0:10:00], next run at: 2026-08-14 10:09:21 CST)" executed successfully
2026-08-14 10:09:21,480 [INFO] Running job "check_and_update_summary (trigger: interval[0:10:00], next run at: 2026-08-14 10:19:21 CST)" (scheduled at 2026-08-14 10:09:21.478471+08:00)
2026-08-14 10:09:21,489 [INFO] Summary 未达阈值：新增 12/50（水位线 2781）
2026-08-14 10:09:21,490 [INFO] Job "check_and_update_summary (trigger: interval[0:10:00], next run at: 2026-08-14 10:19:21 CST)" executed successfully
2026-08-14 10:09:21,490 [INFO] Running job "check_and_update_narrative (trigger: interval[0:10:00], next run at: 2026-08-14 10:19:21 CST)" (scheduled at 2026-08-14 10:09:21.478973+08:00)
2026-08-14 10:09:21,492 [INFO] Narrative 未达阈值：新增 6/30（水位线 854）
2026-08-14 10:09:21,493 [INFO] Job "check_and_update_narrative (trigger: interval[0:10:00], next run at: 2026-08-14 10:19:21 CST)" executed successfully
2026-08-14 10:19:21,481 [INFO] Running job "check_and_update_summary (trigger: interval[0:10:00], next run at: 2026-08-14 10:29:21 CST)" (scheduled at 2026-08-14 10:19:21.478471+08:00)
2026-08-14 10:19:21,492 [INFO] Summary 未达阈值：新增 12/50（水位线 2781）
2026-08-14 10:19:21,492 [INFO] Job "check_and_update_summary (trigger: interval[0:10:00], next run at: 2026-08-14 10:29:21 CST)" executed successfully
2026-08-14 10:19:21,493 [INFO] Running job "check_and_update_narrative (trigger: interval[0:10:00], next run at: 2026-08-14 10:29:21 CST)" (scheduled at 2026-08-14 10:19:21.478973+08:00)
2026-08-14 10:19:21,495 [INFO] Narrative 未达阈值：新增 6/30（水位线 854）
2026-08-14 10:19:21,495 [INFO] Job "check_and_update_narrative (trigger: interval[0:10:00], next run at: 2026-08-14 10:29:21 CST)" executed successfully
2026-08-14 10:29:21,481 [INFO] Running job "check_and_update_summary (trigger: interval[0:10:00], next run at: 2026-08-14 10:39:21 CST)" (scheduled at 2026-08-14 10:29:21.478471+08:00)
2026-08-14 10:29:21,489 [INFO] Summary 未达阈值：新增 12/50（水位线 2781）
2026-08-14 10:29:21,490 [INFO] Job "check_and_update_summary (trigger: interval[0:10:00], next run at: 2026-08-14 10:39:21 CST)" executed successfully
2026-08-14 10:29:21,490 [INFO] Running job "check_and_update_narrative (trigger: interval[0:10:00], next run at: 2026-08-14 10:39:21 CST)" (scheduled at 2026-08-14 10:29:21.478973+08:00)
2026-08-14 10:29:21,492 [INFO] Narrative 未达阈值：新增 6/30（水位线 854）
2026-08-14 10:29:21,492 [INFO] Job "check_and_update_narrative (trigger: interval[0:10:00], next run at: 2026-08-14 10:39:21 CST)" executed successfully
2026-08-14 10:39:21,479 [INFO] Running job "check_and_update_summary (trigger: interval[0:10:00], next run at: 2026-08-14 10:49:21 CST)" (scheduled at 2026-08-14 10:39:21.478471+08:00)
2026-08-14 10:39:21,487 [INFO] Summary 未达阈值：新增 12/50（水位线 2781）
2026-08-14 10:39:21,487 [INFO] Job "check_and_update_summary (trigger: interval[0:10:00], next run at: 2026-08-14 10:49:21 CST)" executed successfully
2026-08-14 10:39:21,488 [INFO] Running job "check_and_update_narrative (trigger: interval[0:10:00], next run at: 2026-08-14 10:49:21 CST)" (scheduled at 2026-08-14 10:39:21.478973+08:00)
2026-08-14 10:39:21,490 [INFO] Narrative 未达阈值：新增 6/30（水位线 854）
2026-08-14 10:39:21,490 [INFO] Job "check_and_update_narrative (trigger: interval[0:10:00], next run at: 2026-08-14 10:49:21 CST)" executed successfully
2026-08-14 10:49:21,482 [INFO] Running job "check_and_update_summary (trigger: interval[0:10:00], next run at: 2026-08-14 10:59:21 CST)" (scheduled at 2026-08-14 10:49:21.478471+08:00)
2026-08-14 10:49:21,493 [INFO] Summary 未达阈值：新增 12/50（水位线 2781）
2026-08-14 10:49:21,494 [INFO] Job "check_and_update_summary (trigger: interval[0:10:00], next run at: 2026-08-14 10:59:21 CST)" executed successfully
2026-08-14 10:49:21,495 [INFO] Running job "check_and_update_narrative (trigger: interval[0:10:00], next run at: 2026-08-14 10:59:21 CST)" (scheduled at 2026-08-14 10:49:21.478973+08:00)
2026-08-14 10:49:21,496 [INFO] Narrative 未达阈值：新增 6/30（水位线 854）
2026-08-14 10:49:21,497 [INFO] Job "check_and_update_narrative (trigger: interval[0:10:00], next run at: 2026-08-14 10:59:21 CST)" executed successfully
2026-08-14 10:59:21,482 [INFO] Running job "check_and_update_summary (trigger: interval[0:10:00], next run at: 2026-08-14 11:09:21 CST)" (scheduled at 2026-08-14 10:59:21.478471+08:00)
2026-08-14 10:59:21,493 [INFO] Summary 未达阈值：新增 12/50（水位线 2781）
2026-08-14 10:59:21,493 [INFO] Job "check_and_update_summary (trigger: interval[0:10:00], next run at: 2026-08-14 11:09:21 CST)" executed successfully
2026-08-14 10:59:21,494 [INFO] Running job "check_and_update_narrative (trigger: interval[0:10:00], next run at: 2026-08-14 11:09:21 CST)" (scheduled at 2026-08-14 10:59:21.478973+08:00)
2026-08-14 10:59:21,496 [INFO] Narrative 未达阈值：新增 6/30（水位线 854）
2026-08-14 10:59:21,496 [INFO] Job "check_and_update_narrative (trigger: interval[0:10:00], next run at: 2026-08-14 11:09:21 CST)" executed successfully
2026-08-14 11:09:21,481 [INFO] Running job "check_and_update_summary (trigger: interval[0:10:00], next run at: 2026-08-14 11:19:21 CST)" (scheduled at 2026-08-14 11:09:21.478471+08:00)
2026-08-14 11:09:21,491 [INFO] Summary 未达阈值：新增 12/50（水位线 2781）
2026-08-14 11:09:21,491 [INFO] Job "check_and_update_summary (trigger: interval[0:10:00], next run at: 2026-08-14 11:19:21 CST)" executed successfully
2026-08-14 11:09:21,492 [INFO] Running job "check_and_update_narrative (trigger: interval[0:10:00], next run at: 2026-08-14 11:19:21 CST)" (scheduled at 2026-08-14 11:09:21.478973+08:00)
2026-08-14 11:09:21,494 [INFO] Narrative 未达阈值：新增 6/30（水位线 854）
2026-08-14 11:09:21,494 [INFO] Job "check_and_update_narrative (trigger: interval[0:10:00], next run at: 2026-08-14 11:19:21 CST)" executed successfully
2026-08-14 11:19:21,480 [INFO] Running job "check_and_update_summary (trigger: interval[0:10:00], next run at: 2026-08-14 11:29:21 CST)" (scheduled at 2026-08-14 11:19:21.478471+08:00)
2026-08-14 11:19:21,490 [INFO] Summary 未达阈值：新增 12/50（水位线 2781）
2026-08-14 11:19:21,490 [INFO] Job "check_and_update_summary (trigger: interval[0:10:00], next run at: 2026-08-14 11:29:21 CST)" executed successfully
2026-08-14 11:19:21,491 [INFO] Running job "check_and_update_narrative (trigger: interval[0:10:00], next run at: 2026-08-14 11:29:21 CST)" (scheduled at 2026-08-14 11:19:21.478973+08:00)
2026-08-14 11:19:21,493 [INFO] Narrative 未达阈值：新增 6/30（水位线 854）
2026-08-14 11:19:21,493 [INFO] Job "check_and_update_narrative (trigger: interval[0:10:00], next run at: 2026-08-14 11:29:21 CST)" executed successfully
2026-08-14 11:29:21,479 [INFO] Running job "check_and_update_summary (trigger: interval[0:10:00], next run at: 2026-08-14 11:39:21 CST)" (scheduled at 2026-08-14 11:29:21.478471+08:00)
2026-08-14 11:29:21,486 [INFO] Summary 未达阈值：新增 12/50（水位线 2781）
2026-08-14 11:29:21,486 [INFO] Job "check_and_update_summary (trigger: interval[0:10:00], next run at: 2026-08-14 11:39:21 CST)" executed successfully
2026-08-14 11:29:21,487 [INFO] Running job "check_and_update_narrative (trigger: interval[0:10:00], next run at: 2026-08-14 11:39:21 CST)" (scheduled at 2026-08-14 11:29:21.478973+08:00)
2026-08-14 11:29:21,488 [INFO] Narrative 未达阈值：新增 6/30（水位线 854）
2026-08-14 11:29:21,488 [INFO] Job "check_and_update_narrative (trigger: interval[0:10:00], next run at: 2026-08-14 11:39:21 CST)" executed successfully
2026-08-14 11:39:21,480 [INFO] Running job "check_and_update_summary (trigger: interval[0:10:00], next run at: 2026-08-14 11:49:21 CST)" (scheduled at 2026-08-14 11:39:21.478471+08:00)
2026-08-14 11:39:21,491 [INFO] Summary 未达阈值：新增 12/50（水位线 2781）
2026-08-14 11:39:21,491 [INFO] Job "check_and_update_summary (trigger: interval[0:10:00], next run at: 2026-08-14 11:49:21 CST)" executed successfully
2026-08-14 11:39:21,492 [INFO] Running job "check_and_update_narrative (trigger: interval[0:10:00], next run at: 2026-08-14 11:49:21 CST)" (scheduled at 2026-08-14 11:39:21.478973+08:00)
2026-08-14 11:39:21,494 [INFO] Narrative 未达阈值：新增 6/30（水位线 854）
2026-08-14 11:39:21,494 [INFO] Job "check_and_update_narrative (trigger: interval[0:10:00], next run at: 2026-08-14 11:49:21 CST)" executed successfully
2026-08-14 11:49:21,482 [INFO] Running job "check_and_update_summary (trigger: interval[0:10:00], next run at: 2026-08-14 11:59:21 CST)" (scheduled at 2026-08-14 11:49:21.478471+08:00)
2026-08-14 11:49:21,493 [INFO] Summary 未达阈值：新增 12/50（水位线 2781）
2026-08-14 11:49:21,493 [INFO] Job "check_and_update_summary (trigger: interval[0:10:00], next run at: 2026-08-14 11:59:21 CST)" executed successfully
2026-08-14 11:49:21,494 [INFO] Running job "check_and_update_narrative (trigger: interval[0:10:00], next run at: 2026-08-14 11:59:21 CST)" (scheduled at 2026-08-14 11:49:21.478973+08:00)
2026-08-14 11:49:21,495 [INFO] Narrative 未达阈值：新增 6/30（水位线 854）
2026-08-14 11:49:21,495 [INFO] Job "check_and_update_narrative (trigger: interval[0:10:00], next run at: 2026-08-14 11:59:21 CST)" executed successfully
2026-08-14 11:59:21,480 [INFO] Running job "check_and_update_summary (trigger: interval[0:10:00], next run at: 2026-08-14 12:09:21 CST)" (scheduled at 2026-08-14 11:59:21.478471+08:00)
2026-08-14 11:59:21,490 [INFO] Summary 未达阈值：新增 12/50（水位线 2781）
2026-08-14 11:59:21,490 [INFO] Job "check_and_update_summary (trigger: interval[0:10:00], next run at: 2026-08-14 12:09:21 CST)" executed successfully
2026-08-14 11:59:21,491 [INFO] Running job "check_and_update_narrative (trigger: interval[0:10:00], next run at: 2026-08-14 12:09:21 CST)" (scheduled at 2026-08-14 11:59:21.478973+08:00)
2026-08-14 11:59:21,494 [INFO] Narrative 未达阈值：新增 6/30（水位线 854）
2026-08-14 11:59:21,495 [INFO] Job "check_and_update_narrative (trigger: interval[0:10:00], next run at: 2026-08-14 12:09:21 CST)" executed successfully
2026-08-14 12:09:21,480 [INFO] Running job "check_and_update_summary (trigger: interval[0:10:00], next run at: 2026-08-14 12:19:21 CST)" (scheduled at 2026-08-14 12:09:21.478471+08:00)
2026-08-14 12:09:21,490 [INFO] Summary 未达阈值：新增 12/50（水位线 2781）
2026-08-14 12:09:21,491 [INFO] Job "check_and_update_summary (trigger: interval[0:10:00], next run at: 2026-08-14 12:19:21 CST)" executed successfully
2026-08-14 12:09:21,491 [INFO] Running job "check_and_update_narrative (trigger: interval[0:10:00], next run at: 2026-08-14 12:19:21 CST)" (scheduled at 2026-08-14 12:09:21.478973+08:00)
2026-08-14 12:09:21,494 [INFO] Narrative 未达阈值：新增 6/30（水位线 854）
2026-08-14 12:09:21,495 [INFO] Job "check_and_update_narrative (trigger: interval[0:10:00], next run at: 2026-08-14 12:19:21 CST)" executed successfully
2026-08-14 12:19:21,481 [INFO] Running job "check_and_update_summary (trigger: interval[0:10:00], next run at: 2026-08-14 12:29:21 CST)" (scheduled at 2026-08-14 12:19:21.478471+08:00)
2026-08-14 12:19:21,490 [INFO] Summary 未达阈值：新增 12/50（水位线 2781）
2026-08-14 12:19:21,491 [INFO] Job "check_and_update_summary (trigger: interval[0:10:00], next run at: 2026-08-14 12:29:21 CST)" executed successfully
2026-08-14 12:19:21,491 [INFO] Running job "check_and_update_narrative (trigger: interval[0:10:00], next run at: 2026-08-14 12:29:21 CST)" (scheduled at 2026-08-14 12:19:21.478973+08:00)
2026-08-14 12:19:21,493 [INFO] Narrative 未达阈值：新增 6/30（水位线 854）
2026-08-14 12:19:21,493 [INFO] Job "check_and_update_narrative (trigger: interval[0:10:00], next run at: 2026-08-14 12:29:21 CST)" executed successfully
2026-08-14 12:29:21,480 [INFO] Running job "check_and_update_summary (trigger: interval[0:10:00], next run at: 2026-08-14 12:39:21 CST)" (scheduled at 2026-08-14 12:29:21.478471+08:00)
2026-08-14 12:29:21,488 [INFO] Summary 未达阈值：新增 12/50（水位线 2781）
2026-08-14 12:29:21,488 [INFO] Job "check_and_update_summary (trigger: interval[0:10:00], next run at: 2026-08-14 12:39:21 CST)" executed successfully
2026-08-14 12:29:21,489 [INFO] Running job "check_and_update_narrative (trigger: interval[0:10:00], next run at: 2026-08-14 12:39:21 CST)" (scheduled at 2026-08-14 12:29:21.478973+08:00)
2026-08-14 12:29:21,490 [INFO] Narrative 未达阈值：新增 6/30（水位线 854）
2026-08-14 12:29:21,490 [INFO] Job "check_and_update_narrative (trigger: interval[0:10:00], next run at: 2026-08-14 12:39:21 CST)" executed successfully
2026-08-14 12:39:21,479 [INFO] Running job "check_and_update_summary (trigger: interval[0:10:00], next run at: 2026-08-14 12:49:21 CST)" (scheduled at 2026-08-14 12:39:21.478471+08:00)
2026-08-14 12:39:21,490 [INFO] Summary 未达阈值：新增 12/50（水位线 2781）
2026-08-14 12:39:21,490 [INFO] Job "check_and_update_summary (trigger: interval[0:10:00], next run at: 2026-08-14 12:49:21 CST)" executed successfully
2026-08-14 12:39:21,492 [INFO] Running job "check_and_update_narrative (trigger: interval[0:10:00], next run at: 2026-08-14 12:49:21 CST)" (scheduled at 2026-08-14 12:39:21.478973+08:00)
2026-08-14 12:39:21,494 [INFO] Narrative 未达阈值：新增 6/30（水位线 854）
2026-08-14 12:39:21,494 [INFO] Job "check_and_update_narrative (trigger: interval[0:10:00], next run at: 2026-08-14 12:49:21 CST)" executed successfully
2026-08-14 12:49:21,481 [INFO] Running job "check_and_update_summary (trigger: interval[0:10:00], next run at: 2026-08-14 12:59:21 CST)" (scheduled at 2026-08-14 12:49:21.478471+08:00)
2026-08-14 12:49:21,490 [INFO] Summary 未达阈值：新增 12/50（水位线 2781）
2026-08-14 12:49:21,491 [INFO] Job "check_and_update_summary (trigger: interval[0:10:00], next run at: 2026-08-14 12:59:21 CST)" executed successfully
2026-08-14 12:49:21,491 [INFO] Running job "check_and_update_narrative (trigger: interval[0:10:00], next run at: 2026-08-14 12:59:21 CST)" (scheduled at 2026-08-14 12:49:21.478973+08:00)
2026-08-14 12:49:21,493 [INFO] Narrative 未达阈值：新增 6/30（水位线 854）
2026-08-14 12:49:21,493 [INFO] Job "check_and_update_narrative (trigger: interval[0:10:00], next run at: 2026-08-14 12:59:21 CST)" executed successfully
2026-08-14 12:59:21,481 [INFO] Running job "check_and_update_summary (trigger: interval[0:10:00], next run at: 2026-08-14 13:09:21 CST)" (scheduled at 2026-08-14 12:59:21.478471+08:00)
2026-08-14 12:59:21,490 [INFO] Summary 未达阈值：新增 12/50（水位线 2781）
2026-08-14 12:59:21,490 [INFO] Job "check_and_update_summary (trigger: interval[0:10:00], next run at: 2026-08-14 13:09:21 CST)" executed successfully
2026-08-14 12:59:21,491 [INFO] Running job "check_and_update_narrative (trigger: interval[0:10:00], next run at: 2026-08-14 13:09:21 CST)" (scheduled at 2026-08-14 12:59:21.478973+08:00)
2026-08-14 12:59:21,492 [INFO] Narrative 未达阈值：新增 6/30（水位线 854）
2026-08-14 12:59:21,493 [INFO] Job "check_and_update_narrative (trigger: interval[0:10:00], next run at: 2026-08-14 13:09:21 CST)" executed successfully
2026-08-14 13:09:21,481 [INFO] Running job "check_and_update_summary (trigger: interval[0:10:00], next run at: 2026-08-14 13:19:21 CST)" (scheduled at 2026-08-14 13:09:21.478471+08:00)
2026-08-14 13:09:21,491 [INFO] Summary 未达阈值：新增 12/50（水位线 2781）
2026-08-14 13:09:21,492 [INFO] Job "check_and_update_summary (trigger: interval[0:10:00], next run at: 2026-08-14 13:19:21 CST)" executed successfully
2026-08-14 13:09:21,492 [INFO] Running job "check_and_update_narrative (trigger: interval[0:10:00], next run at: 2026-08-14 13:19:21 CST)" (scheduled at 2026-08-14 13:09:21.478973+08:00)
2026-08-14 13:09:21,493 [INFO] Narrative 未达阈值：新增 6/30（水位线 854）
2026-08-14 13:09:21,493 [INFO] Job "check_and_update_narrative (trigger: interval[0:10:00], next run at: 2026-08-14 13:19:21 CST)" executed successfully
2026-08-14 13:19:21,481 [INFO] Running job "check_and_update_summary (trigger: interval[0:10:00], next run at: 2026-08-14 13:29:21 CST)" (scheduled at 2026-08-14 13:19:21.478471+08:00)
2026-08-14 13:19:21,490 [INFO] Summary 未达阈值：新增 12/50（水位线 2781）
2026-08-14 13:19:21,491 [INFO] Job "check_and_update_summary (trigger: interval[0:10:00], next run at: 2026-08-14 13:29:21 CST)" executed successfully
2026-08-14 13:19:21,491 [INFO] Running job "check_and_update_narrative (trigger: interval[0:10:00], next run at: 2026-08-14 13:29:21 CST)" (scheduled at 2026-08-14 13:19:21.478973+08:00)
2026-08-14 13:19:21,493 [INFO] Narrative 未达阈值：新增 6/30（水位线 854）
2026-08-14 13:19:21,493 [INFO] Job "check_and_update_narrative (trigger: interval[0:10:00], next run at: 2026-08-14 13:29:21 CST)" executed successfully
2026-08-14 13:29:21,481 [INFO] Running job "check_and_update_summary (trigger: interval[0:10:00], next run at: 2026-08-14 13:39:21 CST)" (scheduled at 2026-08-14 13:29:21.478471+08:00)
2026-08-14 13:29:21,492 [INFO] Summary 未达阈值：新增 12/50（水位线 2781）
2026-08-14 13:29:21,493 [INFO] Job "check_and_update_summary (trigger: interval[0:10:00], next run at: 2026-08-14 13:39:21 CST)" executed successfully
2026-08-14 13:29:21,494 [INFO] Running job "check_and_update_narrative (trigger: interval[0:10:00], next run at: 2026-08-14 13:39:21 CST)" (scheduled at 2026-08-14 13:29:21.478973+08:00)
2026-08-14 13:29:21,495 [INFO] Narrative 未达阈值：新增 6/30（水位线 854）
2026-08-14 13:29:21,496 [INFO] Job "check_and_update_narrative (trigger: interval[0:10:00], next run at: 2026-08-14 13:39:21 CST)" executed successfully
2026-08-14 13:39:21,480 [INFO] Running job "check_and_update_summary (trigger: interval[0:10:00], next run at: 2026-08-14 13:49:21 CST)" (scheduled at 2026-08-14 13:39:21.478471+08:00)
2026-08-14 13:39:21,489 [INFO] Summary 未达阈值：新增 12/50（水位线 2781）
2026-08-14 13:39:21,489 [INFO] Job "check_and_update_summary (trigger: interval[0:10:00], next run at: 2026-08-14 13:49:21 CST)" executed successfully
2026-08-14 13:39:21,490 [INFO] Running job "check_and_update_narrative (trigger: interval[0:10:00], next run at: 2026-08-14 13:49:21 CST)" (scheduled at 2026-08-14 13:39:21.478973+08:00)
2026-08-14 13:39:21,492 [INFO] Narrative 未达阈值：新增 6/30（水位线 854）
2026-08-14 13:39:21,493 [INFO] Job "check_and_update_narrative (trigger: interval[0:10:00], next run at: 2026-08-14 13:49:21 CST)" executed successfully
2026-08-14 13:49:21,481 [INFO] Running job "check_and_update_summary (trigger: interval[0:10:00], next run at: 2026-08-14 13:59:21 CST)" (scheduled at 2026-08-14 13:49:21.478471+08:00)
2026-08-14 13:49:21,491 [INFO] Summary 未达阈值：新增 12/50（水位线 2781）
2026-08-14 13:49:21,492 [INFO] Job "check_and_update_summary (trigger: interval[0:10:00], next run at: 2026-08-14 13:59:21 CST)" executed successfully
2026-08-14 13:49:21,492 [INFO] Running job "check_and_update_narrative (trigger: interval[0:10:00], next run at: 2026-08-14 13:59:21 CST)" (scheduled at 2026-08-14 13:49:21.478973+08:00)
2026-08-14 13:49:21,494 [INFO] Narrative 未达阈值：新增 6/30（水位线 854）
2026-08-14 13:49:21,494 [INFO] Job "check_and_update_narrative (trigger: interval[0:10:00], next run at: 2026-08-14 13:59:21 CST)" executed successfully
2026-08-14 13:53:22,321 [INFO] HTTP Request: GET http://localhost:8000/api/v2/tenants/default_tenant/databases/default_database/collections/bd4a6e7d-3687-4753-ba76-f2e862253781/count?read_level=index_and_wal "HTTP/1.1 200 OK"
2026-08-14 13:54:52,458 [INFO] HTTP Request: GET http://localhost:8000/api/v2/tenants/default_tenant/databases/default_database/collections/bd4a6e7d-3687-4753-ba76-f2e862253781/count?read_level=index_and_wal "HTTP/1.1 200 OK"
2026-08-14 13:59:21,480 [INFO] Running job "check_and_update_summary (trigger: interval[0:10:00], next run at: 2026-08-14 14:09:21 CST)" (scheduled at 2026-08-14 13:59:21.478471+08:00)
2026-08-14 13:59:21,490 [INFO] Summary 未达阈值：新增 12/100（水位线 2781）
2026-08-14 13:59:21,490 [INFO] Job "check_and_update_summary (trigger: interval[0:10:00], next run at: 2026-08-14 14:09:21 CST)" executed successfully
2026-08-14 13:59:21,491 [INFO] Running job "check_and_update_narrative (trigger: interval[0:10:00], next run at: 2026-08-14 14:09:21 CST)" (scheduled at 2026-08-14 13:59:21.478973+08:00)
2026-08-14 13:59:21,493 [INFO] Narrative 未达阈值：新增 6/30（水位线 854）
2026-08-14 13:59:21,493 [INFO] Job "check_and_update_narrative (trigger: interval[0:10:00], next run at: 2026-08-14 14:09:21 CST)" executed successfully
2026-08-14 14:09:21,481 [INFO] Running job "check_and_update_summary (trigger: interval[0:10:00], next run at: 2026-08-14 14:19:21 CST)" (scheduled at 2026-08-14 14:09:21.478471+08:00)
2026-08-14 14:09:21,492 [INFO] Summary 未达阈值：新增 12/100（水位线 2781）
2026-08-14 14:09:21,494 [INFO] Job "check_and_update_summary (trigger: interval[0:10:00], next run at: 2026-08-14 14:19:21 CST)" executed successfully
2026-08-14 14:09:21,494 [INFO] Running job "check_and_update_narrative (trigger: interval[0:10:00], next run at: 2026-08-14 14:19:21 CST)" (scheduled at 2026-08-14 14:09:21.478973+08:00)
2026-08-14 14:09:21,497 [INFO] Narrative 未达阈值：新增 6/30（水位线 854）
2026-08-14 14:09:21,498 [INFO] Job "check_and_update_narrative (trigger: interval[0:10:00], next run at: 2026-08-14 14:19:21 CST)" executed successfully
2026-08-14 14:19:21,480 [INFO] Running job "check_and_update_summary (trigger: interval[0:10:00], next run at: 2026-08-14 14:29:21 CST)" (scheduled at 2026-08-14 14:19:21.478471+08:00)
2026-08-14 14:19:21,489 [INFO] Summary 未达阈值：新增 12/100（水位线 2781）
2026-08-14 14:19:21,490 [INFO] Job "check_and_update_summary (trigger: interval[0:10:00], next run at: 2026-08-14 14:29:21 CST)" executed successfully
2026-08-14 14:19:21,490 [INFO] Running job "check_and_update_narrative (trigger: interval[0:10:00], next run at: 2026-08-14 14:29:21 CST)" (scheduled at 2026-08-14 14:19:21.478973+08:00)
2026-08-14 14:19:21,492 [INFO] Narrative 未达阈值：新增 6/30（水位线 854）
2026-08-14 14:19:21,492 [INFO] Job "check_and_update_narrative (trigger: interval[0:10:00], next run at: 2026-08-14 14:29:21 CST)" executed successfully
2026-08-14 14:29:21,481 [INFO] Running job "check_and_update_summary (trigger: interval[0:10:00], next run at: 2026-08-14 14:39:21 CST)" (scheduled at 2026-08-14 14:29:21.478471+08:00)
2026-08-14 14:29:21,494 [INFO] Summary 未达阈值：新增 12/100（水位线 2781）
2026-08-14 14:29:21,494 [INFO] Job "check_and_update_summary (trigger: interval[0:10:00], next run at: 2026-08-14 14:39:21 CST)" executed successfully
2026-08-14 14:29:21,495 [INFO] Running job "check_and_update_narrative (trigger: interval[0:10:00], next run at: 2026-08-14 14:39:21 CST)" (scheduled at 2026-08-14 14:29:21.478973+08:00)
2026-08-14 14:29:21,497 [INFO] Narrative 未达阈值：新增 6/30（水位线 854）
2026-08-14 14:29:21,497 [INFO] Job "check_and_update_narrative (trigger: interval[0:10:00], next run at: 2026-08-14 14:39:21 CST)" executed successfully
2026-08-14 14:39:21,481 [INFO] Running job "check_and_update_summary (trigger: interval[0:10:00], next run at: 2026-08-14 14:49:21 CST)" (scheduled at 2026-08-14 14:39:21.478471+08:00)
2026-08-14 14:39:21,489 [INFO] Summary 未达阈值：新增 12/100（水位线 2781）
2026-08-14 14:39:21,490 [INFO] Job "check_and_update_summary (trigger: interval[0:10:00], next run at: 2026-08-14 14:49:21 CST)" executed successfully
2026-08-14 14:39:21,490 [INFO] Running job "check_and_update_narrative (trigger: interval[0:10:00], next run at: 2026-08-14 14:49:21 CST)" (scheduled at 2026-08-14 14:39:21.478973+08:00)
2026-08-14 14:39:21,491 [INFO] Narrative 未达阈值：新增 6/30（水位线 854）
2026-08-14 14:39:21,492 [INFO] Job "check_and_update_narrative (trigger: interval[0:10:00], next run at: 2026-08-14 14:49:21 CST)" executed successfully
2026-08-14 14:49:21,481 [INFO] Running job "check_and_update_summary (trigger: interval[0:10:00], next run at: 2026-08-14 14:59:21 CST)" (scheduled at 2026-08-14 14:49:21.478471+08:00)
2026-08-14 14:49:21,494 [INFO] Summary 未达阈值：新增 12/100（水位线 2781）
2026-08-14 14:49:21,494 [INFO] Job "check_and_update_summary (trigger: interval[0:10:00], next run at: 2026-08-14 14:59:21 CST)" executed successfully
2026-08-14 14:49:21,495 [INFO] Running job "check_and_update_narrative (trigger: interval[0:10:00], next run at: 2026-08-14 14:59:21 CST)" (scheduled at 2026-08-14 14:49:21.478973+08:00)
2026-08-14 14:49:21,497 [INFO] Narrative 未达阈值：新增 6/30（水位线 854）
2026-08-14 14:49:21,498 [INFO] Job "check_and_update_narrative (trigger: interval[0:10:00], next run at: 2026-08-14 14:59:21 CST)" executed successfully
2026-08-14 14:59:21,479 [INFO] Running job "check_and_update_summary (trigger: interval[0:10:00], next run at: 2026-08-14 15:09:21 CST)" (scheduled at 2026-08-14 14:59:21.478471+08:00)
2026-08-14 14:59:21,493 [INFO] Summary 未达阈值：新增 12/100（水位线 2781）
2026-08-14 14:59:21,494 [INFO] Job "check_and_update_summary (trigger: interval[0:10:00], next run at: 2026-08-14 15:09:21 CST)" executed successfully
2026-08-14 14:59:21,495 [INFO] Running job "check_and_update_narrative (trigger: interval[0:10:00], next run at: 2026-08-14 15:09:21 CST)" (scheduled at 2026-08-14 14:59:21.478973+08:00)
2026-08-14 14:59:21,498 [INFO] Narrative 未达阈值：新增 6/30（水位线 854）
2026-08-14 14:59:21,498 [INFO] Job "check_and_update_narrative (trigger: interval[0:10:00], next run at: 2026-08-14 15:09:21 CST)" executed successfully
2026-08-14 15:09:21,481 [INFO] Running job "check_and_update_summary (trigger: interval[0:10:00], next run at: 2026-08-14 15:19:21 CST)" (scheduled at 2026-08-14 15:09:21.478471+08:00)
2026-08-14 15:09:21,491 [INFO] Summary 未达阈值：新增 12/100（水位线 2781）
2026-08-14 15:09:21,491 [INFO] Job "check_and_update_summary (trigger: interval[0:10:00], next run at: 2026-08-14 15:19:21 CST)" executed successfully
2026-08-14 15:09:21,492 [INFO] Running job "check_and_update_narrative (trigger: interval[0:10:00], next run at: 2026-08-14 15:19:21 CST)" (scheduled at 2026-08-14 15:09:21.478973+08:00)
2026-08-14 15:09:21,493 [INFO] Narrative 未达阈值：新增 6/30（水位线 854）
2026-08-14 15:09:21,494 [INFO] Job "check_and_update_narrative (trigger: interval[0:10:00], next run at: 2026-08-14 15:19:21 CST)" executed successfully
2026-08-14 15:19:21,482 [INFO] Running job "check_and_update_summary (trigger: interval[0:10:00], next run at: 2026-08-14 15:29:21 CST)" (scheduled at 2026-08-14 15:19:21.478471+08:00)
2026-08-14 15:19:21,494 [INFO] Summary 未达阈值：新增 12/100（水位线 2781）
2026-08-14 15:19:21,494 [INFO] Job "check_and_update_summary (trigger: interval[0:10:00], next run at: 2026-08-14 15:29:21 CST)" executed successfully
2026-08-14 15:19:21,495 [INFO] Running job "check_and_update_narrative (trigger: interval[0:10:00], next run at: 2026-08-14 15:29:21 CST)" (scheduled at 2026-08-14 15:19:21.478973+08:00)
2026-08-14 15:19:21,496 [INFO] Narrative 未达阈值：新增 6/30（水位线 854）
2026-08-14 15:19:21,496 [INFO] Job "check_and_update_narrative (trigger: interval[0:10:00], next run at: 2026-08-14 15:29:21 CST)" executed successfully
2026-08-14 15:29:21,480 [INFO] Running job "check_and_update_summary (trigger: interval[0:10:00], next run at: 2026-08-14 15:39:21 CST)" (scheduled at 2026-08-14 15:29:21.478471+08:00)
2026-08-14 15:29:21,490 [INFO] Summary 未达阈值：新增 12/100（水位线 2781）
2026-08-14 15:29:21,490 [INFO] Job "check_and_update_summary (trigger: interval[0:10:00], next run at: 2026-08-14 15:39:21 CST)" executed successfully
2026-08-14 15:29:21,491 [INFO] Running job "check_and_update_narrative (trigger: interval[0:10:00], next run at: 2026-08-14 15:39:21 CST)" (scheduled at 2026-08-14 15:29:21.478973+08:00)
2026-08-14 15:29:21,493 [INFO] Narrative 未达阈值：新增 6/30（水位线 854）
2026-08-14 15:29:21,493 [INFO] Job "check_and_update_narrative (trigger: interval[0:10:00], next run at: 2026-08-14 15:39:21 CST)" executed successfully
2026-08-14 15:39:21,481 [INFO] Running job "check_and_update_summary (trigger: interval[0:10:00], next run at: 2026-08-14 15:49:21 CST)" (scheduled at 2026-08-14 15:39:21.478471+08:00)
2026-08-14 15:39:21,490 [INFO] Summary 未达阈值：新增 12/100（水位线 2781）
2026-08-14 15:39:21,491 [INFO] Job "check_and_update_summary (trigger: interval[0:10:00], next run at: 2026-08-14 15:49:21 CST)" executed successfully
2026-08-14 15:39:21,492 [INFO] Running job "check_and_update_narrative (trigger: interval[0:10:00], next run at: 2026-08-14 15:49:21 CST)" (scheduled at 2026-08-14 15:39:21.478973+08:00)
2026-08-14 15:39:21,493 [INFO] Narrative 未达阈值：新增 6/30（水位线 854）
2026-08-14 15:39:21,494 [INFO] Job "check_and_update_narrative (trigger: interval[0:10:00], next run at: 2026-08-14 15:49:21 CST)" executed successfully
2026-08-14 15:49:21,481 [INFO] Running job "check_and_update_summary (trigger: interval[0:10:00], next run at: 2026-08-14 15:59:21 CST)" (scheduled at 2026-08-14 15:49:21.478471+08:00)
2026-08-14 15:49:21,489 [INFO] Summary 未达阈值：新增 12/100（水位线 2781）
2026-08-14 15:49:21,490 [INFO] Job "check_and_update_summary (trigger: interval[0:10:00], next run at: 2026-08-14 15:59:21 CST)" executed successfully
2026-08-14 15:49:21,490 [INFO] Running job "check_and_update_narrative (trigger: interval[0:10:00], next run at: 2026-08-14 15:59:21 CST)" (scheduled at 2026-08-14 15:49:21.478973+08:00)
2026-08-14 15:49:21,493 [INFO] Narrative 未达阈值：新增 6/30（水位线 854）
2026-08-14 15:49:21,493 [INFO] Job "check_and_update_narrative (trigger: interval[0:10:00], next run at: 2026-08-14 15:59:21 CST)" executed successfully
2026-08-14 15:59:21,479 [INFO] Running job "check_and_update_summary (trigger: interval[0:10:00], next run at: 2026-08-14 16:09:21 CST)" (scheduled at 2026-08-14 15:59:21.478471+08:00)
2026-08-14 15:59:21,487 [INFO] Summary 未达阈值：新增 12/100（水位线 2781）
2026-08-14 15:59:21,487 [INFO] Job "check_and_update_summary (trigger: interval[0:10:00], next run at: 2026-08-14 16:09:21 CST)" executed successfully
2026-08-14 15:59:21,488 [INFO] Running job "check_and_update_narrative (trigger: interval[0:10:00], next run at: 2026-08-14 16:09:21 CST)" (scheduled at 2026-08-14 15:59:21.478973+08:00)
2026-08-14 15:59:21,489 [INFO] Narrative 未达阈值：新增 6/30（水位线 854）
2026-08-14 15:59:21,490 [INFO] Job "check_and_update_narrative (trigger: interval[0:10:00], next run at: 2026-08-14 16:09:21 CST)" executed successfully
2026-08-14 16:09:21,481 [INFO] Running job "check_and_update_summary (trigger: interval[0:10:00], next run at: 2026-08-14 16:19:21 CST)" (scheduled at 2026-08-14 16:09:21.478471+08:00)
2026-08-14 16:09:21,489 [INFO] Summary 未达阈值：新增 12/100（水位线 2781）
2026-08-14 16:09:21,490 [INFO] Job "check_and_update_summary (trigger: interval[0:10:00], next run at: 2026-08-14 16:19:21 CST)" executed successfully
2026-08-14 16:09:21,490 [INFO] Running job "check_and_update_narrative (trigger: interval[0:10:00], next run at: 2026-08-14 16:19:21 CST)" (scheduled at 2026-08-14 16:09:21.478973+08:00)
2026-08-14 16:09:21,492 [INFO] Narrative 未达阈值：新增 6/30（水位线 854）
2026-08-14 16:09:21,493 [INFO] Job "check_and_update_narrative (trigger: interval[0:10:00], next run at: 2026-08-14 16:19:21 CST)" executed successfully
2026-08-14 16:19:21,480 [INFO] Running job "check_and_update_summary (trigger: interval[0:10:00], next run at: 2026-08-14 16:29:21 CST)" (scheduled at 2026-08-14 16:19:21.478471+08:00)
2026-08-14 16:19:21,486 [INFO] Summary 未达阈值：新增 12/100（水位线 2781）
2026-08-14 16:19:21,487 [INFO] Job "check_and_update_summary (trigger: interval[0:10:00], next run at: 2026-08-14 16:29:21 CST)" executed successfully
2026-08-14 16:19:21,488 [INFO] Running job "check_and_update_narrative (trigger: interval[0:10:00], next run at: 2026-08-14 16:29:21 CST)" (scheduled at 2026-08-14 16:19:21.478973+08:00)
2026-08-14 16:19:21,489 [INFO] Narrative 未达阈值：新增 6/30（水位线 854）
2026-08-14 16:19:21,490 [INFO] Job "check_and_update_narrative (trigger: interval[0:10:00], next run at: 2026-08-14 16:29:21 CST)" executed successfully
2026-08-14 16:29:21,479 [INFO] Running job "check_and_update_summary (trigger: interval[0:10:00], next run at: 2026-08-14 16:39:21 CST)" (scheduled at 2026-08-14 16:29:21.478471+08:00)
2026-08-14 16:29:21,489 [INFO] Summary 未达阈值：新增 12/100（水位线 2781）
2026-08-14 16:29:21,489 [INFO] Job "check_and_update_summary (trigger: interval[0:10:00], next run at: 2026-08-14 16:39:21 CST)" executed successfully
2026-08-14 16:29:21,490 [INFO] Running job "check_and_update_narrative (trigger: interval[0:10:00], next run at: 2026-08-14 16:39:21 CST)" (scheduled at 2026-08-14 16:29:21.478973+08:00)
2026-08-14 16:29:21,492 [INFO] Narrative 未达阈值：新增 6/30（水位线 854）
2026-08-14 16:29:21,492 [INFO] Job "check_and_update_narrative (trigger: interval[0:10:00], next run at: 2026-08-14 16:39:21 CST)" executed successfully
2026-08-14 16:39:21,482 [INFO] Running job "check_and_update_summary (trigger: interval[0:10:00], next run at: 2026-08-14 16:49:21 CST)" (scheduled at 2026-08-14 16:39:21.478471+08:00)
2026-08-14 16:39:21,494 [INFO] Summary 未达阈值：新增 12/100（水位线 2781）
2026-08-14 16:39:21,495 [INFO] Job "check_and_update_summary (trigger: interval[0:10:00], next run at: 2026-08-14 16:49:21 CST)" executed successfully
2026-08-14 16:39:21,495 [INFO] Running job "check_and_update_narrative (trigger: interval[0:10:00], next run at: 2026-08-14 16:49:21 CST)" (scheduled at 2026-08-14 16:39:21.478973+08:00)
2026-08-14 16:39:21,497 [INFO] Narrative 未达阈值：新增 6/30（水位线 854）
2026-08-14 16:39:21,498 [INFO] Job "check_and_update_narrative (trigger: interval[0:10:00], next run at: 2026-08-14 16:49:21 CST)" executed successfully
2026-08-14 16:49:21,481 [INFO] Running job "check_and_update_summary (trigger: interval[0:10:00], next run at: 2026-08-14 16:59:21 CST)" (scheduled at 2026-08-14 16:49:21.478471+08:00)
2026-08-14 16:49:21,491 [INFO] Summary 未达阈值：新增 12/100（水位线 2781）
2026-08-14 16:49:21,492 [INFO] Job "check_and_update_summary (trigger: interval[0:10:00], next run at: 2026-08-14 16:59:21 CST)" executed successfully
2026-08-14 16:49:21,492 [INFO] Running job "check_and_update_narrative (trigger: interval[0:10:00], next run at: 2026-08-14 16:59:21 CST)" (scheduled at 2026-08-14 16:49:21.478973+08:00)
2026-08-14 16:49:21,494 [INFO] Narrative 未达阈值：新增 6/30（水位线 854）
2026-08-14 16:49:21,495 [INFO] Job "check_and_update_narrative (trigger: interval[0:10:00], next run at: 2026-08-14 16:59:21 CST)" executed successfully
2026-08-14 16:59:21,481 [INFO] Running job "check_and_update_summary (trigger: interval[0:10:00], next run at: 2026-08-14 17:09:21 CST)" (scheduled at 2026-08-14 16:59:21.478471+08:00)
2026-08-14 16:59:21,501 [INFO] Summary 未达阈值：新增 12/100（水位线 2781）
2026-08-14 16:59:21,502 [INFO] Job "check_and_update_summary (trigger: interval[0:10:00], next run at: 2026-08-14 17:09:21 CST)" executed successfully
2026-08-14 16:59:21,503 [INFO] Running job "check_and_update_narrative (trigger: interval[0:10:00], next run at: 2026-08-14 17:09:21 CST)" (scheduled at 2026-08-14 16:59:21.478973+08:00)
2026-08-14 16:59:21,505 [INFO] Narrative 未达阈值：新增 6/30（水位线 854）
2026-08-14 16:59:21,506 [INFO] Job "check_and_update_narrative (trigger: interval[0:10:00], next run at: 2026-08-14 17:09:21 CST)" executed successfully
2026-08-14 17:09:21,480 [INFO] Running job "check_and_update_summary (trigger: interval[0:10:00], next run at: 2026-08-14 17:19:21 CST)" (scheduled at 2026-08-14 17:09:21.478471+08:00)
2026-08-14 17:09:21,489 [INFO] Summary 未达阈值：新增 12/100（水位线 2781）
2026-08-14 17:09:21,490 [INFO] Job "check_and_update_summary (trigger: interval[0:10:00], next run at: 2026-08-14 17:19:21 CST)" executed successfully
2026-08-14 17:09:21,491 [INFO] Running job "check_and_update_narrative (trigger: interval[0:10:00], next run at: 2026-08-14 17:19:21 CST)" (scheduled at 2026-08-14 17:09:21.478973+08:00)
2026-08-14 17:09:21,493 [INFO] Narrative 未达阈值：新增 6/30（水位线 854）
2026-08-14 17:09:21,493 [INFO] Job "check_and_update_narrative (trigger: interval[0:10:00], next run at: 2026-08-14 17:19:21 CST)" executed successfully
2026-08-14 17:19:21,480 [INFO] Running job "check_and_update_summary (trigger: interval[0:10:00], next run at: 2026-08-14 17:29:21 CST)" (scheduled at 2026-08-14 17:19:21.478471+08:00)
2026-08-14 17:19:21,491 [INFO] Summary 未达阈值：新增 12/100（水位线 2781）
2026-08-14 17:19:21,491 [INFO] Job "check_and_update_summary (trigger: interval[0:10:00], next run at: 2026-08-14 17:29:21 CST)" executed successfully
2026-08-14 17:19:21,493 [INFO] Running job "check_and_update_narrative (trigger: interval[0:10:00], next run at: 2026-08-14 17:29:21 CST)" (scheduled at 2026-08-14 17:19:21.478973+08:00)
2026-08-14 17:19:21,495 [INFO] Narrative 未达阈值：新增 6/30（水位线 854）
2026-08-14 17:19:21,495 [INFO] Job "check_and_update_narrative (trigger: interval[0:10:00], next run at: 2026-08-14 17:29:21 CST)" executed successfully
2026-08-14 17:29:21,481 [INFO] Running job "check_and_update_summary (trigger: interval[0:10:00], next run at: 2026-08-14 17:39:21 CST)" (scheduled at 2026-08-14 17:29:21.478471+08:00)
2026-08-14 17:29:21,493 [INFO] Summary 未达阈值：新增 12/100（水位线 2781）
2026-08-14 17:29:21,494 [INFO] Job "check_and_update_summary (trigger: interval[0:10:00], next run at: 2026-08-14 17:39:21 CST)" executed successfully
2026-08-14 17:29:21,495 [INFO] Running job "check_and_update_narrative (trigger: interval[0:10:00], next run at: 2026-08-14 17:39:21 CST)" (scheduled at 2026-08-14 17:29:21.478973+08:00)
2026-08-14 17:29:21,497 [INFO] Narrative 未达阈值：新增 6/30（水位线 854）
2026-08-14 17:29:21,497 [INFO] Job "check_and_update_narrative (trigger: interval[0:10:00], next run at: 2026-08-14 17:39:21 CST)" executed successfully
2026-08-14 17:39:21,481 [INFO] Running job "check_and_update_summary (trigger: interval[0:10:00], next run at: 2026-08-14 17:49:21 CST)" (scheduled at 2026-08-14 17:39:21.478471+08:00)
2026-08-14 17:39:21,491 [INFO] Summary 未达阈值：新增 12/100（水位线 2781）
2026-08-14 17:39:21,491 [INFO] Job "check_and_update_summary (trigger: interval[0:10:00], next run at: 2026-08-14 17:49:21 CST)" executed successfully
2026-08-14 17:39:21,492 [INFO] Running job "check_and_update_narrative (trigger: interval[0:10:00], next run at: 2026-08-14 17:49:21 CST)" (scheduled at 2026-08-14 17:39:21.478973+08:00)
2026-08-14 17:39:21,494 [INFO] Narrative 未达阈值：新增 6/30（水位线 854）
2026-08-14 17:39:21,494 [INFO] Job "check_and_update_narrative (trigger: interval[0:10:00], next run at: 2026-08-14 17:49:21 CST)" executed successfully
2026-08-14 17:49:21,481 [INFO] Running job "check_and_update_summary (trigger: interval[0:10:00], next run at: 2026-08-14 17:59:21 CST)" (scheduled at 2026-08-14 17:49:21.478471+08:00)
2026-08-14 17:49:21,490 [INFO] Summary 未达阈值：新增 12/100（水位线 2781）
2026-08-14 17:49:21,490 [INFO] Job "check_and_update_summary (trigger: interval[0:10:00], next run at: 2026-08-14 17:59:21 CST)" executed successfully
2026-08-14 17:49:21,491 [INFO] Running job "check_and_update_narrative (trigger: interval[0:10:00], next run at: 2026-08-14 17:59:21 CST)" (scheduled at 2026-08-14 17:49:21.478973+08:00)
2026-08-14 17:49:21,493 [INFO] Narrative 未达阈值：新增 6/30（水位线 854）
2026-08-14 17:49:21,493 [INFO] Job "check_and_update_narrative (trigger: interval[0:10:00], next run at: 2026-08-14 17:59:21 CST)" executed successfully
2026-08-14 17:59:21,480 [INFO] Running job "check_and_update_summary (trigger: interval[0:10:00], next run at: 2026-08-14 18:09:21 CST)" (scheduled at 2026-08-14 17:59:21.478471+08:00)
2026-08-14 17:59:21,492 [INFO] Summary 未达阈值：新增 12/100（水位线 2781）
2026-08-14 17:59:21,493 [INFO] Job "check_and_update_summary (trigger: interval[0:10:00], next run at: 2026-08-14 18:09:21 CST)" executed successfully
2026-08-14 17:59:21,494 [INFO] Running job "check_and_update_narrative (trigger: interval[0:10:00], next run at: 2026-08-14 18:09:21 CST)" (scheduled at 2026-08-14 17:59:21.478973+08:00)
2026-08-14 17:59:21,496 [INFO] Narrative 未达阈值：新增 6/30（水位线 854）
2026-08-14 17:59:21,496 [INFO] Job "check_and_update_narrative (trigger: interval[0:10:00], next run at: 2026-08-14 18:09:21 CST)" executed successfully
2026-08-14 18:09:21,481 [INFO] Running job "check_and_update_summary (trigger: interval[0:10:00], next run at: 2026-08-14 18:19:21 CST)" (scheduled at 2026-08-14 18:09:21.478471+08:00)
2026-08-14 18:09:21,493 [INFO] Summary 未达阈值：新增 12/100（水位线 2781）
2026-08-14 18:09:21,494 [INFO] Job "check_and_update_summary (trigger: interval[0:10:00], next run at: 2026-08-14 18:19:21 CST)" executed successfully
2026-08-14 18:09:21,495 [INFO] Running job "check_and_update_narrative (trigger: interval[0:10:00], next run at: 2026-08-14 18:19:21 CST)" (scheduled at 2026-08-14 18:09:21.478973+08:00)
2026-08-14 18:09:21,497 [INFO] Narrative 未达阈值：新增 6/30（水位线 854）
2026-08-14 18:09:21,498 [INFO] Job "check_and_update_narrative (trigger: interval[0:10:00], next run at: 2026-08-14 18:19:21 CST)" executed successfully
2026-08-14 18:19:21,481 [INFO] Running job "check_and_update_summary (trigger: interval[0:10:00], next run at: 2026-08-14 18:29:21 CST)" (scheduled at 2026-08-14 18:19:21.478471+08:00)
2026-08-14 18:19:21,495 [INFO] Summary 未达阈值：新增 12/100（水位线 2781）
2026-08-14 18:19:21,495 [INFO] Job "check_and_update_summary (trigger: interval[0:10:00], next run at: 2026-08-14 18:29:21 CST)" executed successfully
2026-08-14 18:19:21,496 [INFO] Running job "check_and_update_narrative (trigger: interval[0:10:00], next run at: 2026-08-14 18:29:21 CST)" (scheduled at 2026-08-14 18:19:21.478973+08:00)
2026-08-14 18:19:21,499 [INFO] Narrative 未达阈值：新增 6/30（水位线 854）
2026-08-14 18:19:21,499 [INFO] Job "check_and_update_narrative (trigger: interval[0:10:00], next run at: 2026-08-14 18:29:21 CST)" executed successfully
2026-08-14 18:29:21,481 [INFO] Running job "check_and_update_summary (trigger: interval[0:10:00], next run at: 2026-08-14 18:39:21 CST)" (scheduled at 2026-08-14 18:29:21.478471+08:00)
2026-08-14 18:29:21,493 [INFO] Summary 未达阈值：新增 12/100（水位线 2781）
2026-08-14 18:29:21,494 [INFO] Job "check_and_update_summary (trigger: interval[0:10:00], next run at: 2026-08-14 18:39:21 CST)" executed successfully
2026-08-14 18:29:21,495 [INFO] Running job "check_and_update_narrative (trigger: interval[0:10:00], next run at: 2026-08-14 18:39:21 CST)" (scheduled at 2026-08-14 18:29:21.478973+08:00)
2026-08-14 18:29:21,497 [INFO] Narrative 未达阈值：新增 6/30（水位线 854）
2026-08-14 18:29:21,497 [INFO] Job "check_and_update_narrative (trigger: interval[0:10:00], next run at: 2026-08-14 18:39:21 CST)" executed successfully
2026-08-14 18:39:21,481 [INFO] Running job "check_and_update_summary (trigger: interval[0:10:00], next run at: 2026-08-14 18:49:21 CST)" (scheduled at 2026-08-14 18:39:21.478471+08:00)
2026-08-14 18:39:21,495 [INFO] Summary 未达阈值：新增 12/100（水位线 2781）
2026-08-14 18:39:21,496 [INFO] Job "check_and_update_summary (trigger: interval[0:10:00], next run at: 2026-08-14 18:49:21 CST)" executed successfully
2026-08-14 18:39:21,497 [INFO] Running job "check_and_update_narrative (trigger: interval[0:10:00], next run at: 2026-08-14 18:49:21 CST)" (scheduled at 2026-08-14 18:39:21.478973+08:00)
2026-08-14 18:39:21,500 [INFO] Narrative 未达阈值：新增 6/30（水位线 854）
2026-08-14 18:39:21,501 [INFO] Job "check_and_update_narrative (trigger: interval[0:10:00], next run at: 2026-08-14 18:49:21 CST)" executed successfully
2026-08-14 18:49:21,480 [INFO] Running job "check_and_update_summary (trigger: interval[0:10:00], next run at: 2026-08-14 18:59:21 CST)" (scheduled at 2026-08-14 18:49:21.478471+08:00)
2026-08-14 18:49:21,493 [INFO] Summary 未达阈值：新增 12/100（水位线 2781）
2026-08-14 18:49:21,494 [INFO] Job "check_and_update_summary (trigger: interval[0:10:00], next run at: 2026-08-14 18:59:21 CST)" executed successfully
2026-08-14 18:49:21,495 [INFO] Running job "check_and_update_narrative (trigger: interval[0:10:00], next run at: 2026-08-14 18:59:21 CST)" (scheduled at 2026-08-14 18:49:21.478973+08:00)
2026-08-14 18:49:21,498 [INFO] Narrative 未达阈值：新增 6/30（水位线 854）
2026-08-14 18:49:21,498 [INFO] Job "check_and_update_narrative (trigger: interval[0:10:00], next run at: 2026-08-14 18:59:21 CST)" executed successfully
2026-08-14 18:59:21,481 [INFO] Running job "check_and_update_summary (trigger: interval[0:10:00], next run at: 2026-08-14 19:09:21 CST)" (scheduled at 2026-08-14 18:59:21.478471+08:00)
2026-08-14 18:59:21,491 [INFO] Summary 未达阈值：新增 12/100（水位线 2781）
2026-08-14 18:59:21,491 [INFO] Job "check_and_update_summary (trigger: interval[0:10:00], next run at: 2026-08-14 19:09:21 CST)" executed successfully
2026-08-14 18:59:21,492 [INFO] Running job "check_and_update_narrative (trigger: interval[0:10:00], next run at: 2026-08-14 19:09:21 CST)" (scheduled at 2026-08-14 18:59:21.478973+08:00)
2026-08-14 18:59:21,494 [INFO] Narrative 未达阈值：新增 6/30（水位线 854）
2026-08-14 18:59:21,494 [INFO] Job "check_and_update_narrative (trigger: interval[0:10:00], next run at: 2026-08-14 19:09:21 CST)" executed successfully
2026-08-14 19:09:21,480 [INFO] Running job "check_and_update_summary (trigger: interval[0:10:00], next run at: 2026-08-14 19:19:21 CST)" (scheduled at 2026-08-14 19:09:21.478471+08:00)
2026-08-14 19:09:21,491 [INFO] Summary 未达阈值：新增 12/100（水位线 2781）
2026-08-14 19:09:21,492 [INFO] Job "check_and_update_summary (trigger: interval[0:10:00], next run at: 2026-08-14 19:19:21 CST)" executed successfully
2026-08-14 19:09:21,493 [INFO] Running job "check_and_update_narrative (trigger: interval[0:10:00], next run at: 2026-08-14 19:19:21 CST)" (scheduled at 2026-08-14 19:09:21.478973+08:00)
2026-08-14 19:09:21,494 [INFO] Narrative 未达阈值：新增 6/30（水位线 854）
2026-08-14 19:09:21,495 [INFO] Job "check_and_update_narrative (trigger: interval[0:10:00], next run at: 2026-08-14 19:19:21 CST)" executed successfully
2026-08-14 19:19:21,482 [INFO] Running job "check_and_update_summary (trigger: interval[0:10:00], next run at: 2026-08-14 19:29:21 CST)" (scheduled at 2026-08-14 19:19:21.478471+08:00)
2026-08-14 19:19:21,492 [INFO] Summary 未达阈值：新增 12/100（水位线 2781）
2026-08-14 19:19:21,493 [INFO] Job "check_and_update_summary (trigger: interval[0:10:00], next run at: 2026-08-14 19:29:21 CST)" executed successfully
2026-08-14 19:19:21,494 [INFO] Running job "check_and_update_narrative (trigger: interval[0:10:00], next run at: 2026-08-14 19:29:21 CST)" (scheduled at 2026-08-14 19:19:21.478973+08:00)
2026-08-14 19:19:21,496 [INFO] Narrative 未达阈值：新增 6/30（水位线 854）
2026-08-14 19:19:21,496 [INFO] Job "check_and_update_narrative (trigger: interval[0:10:00], next run at: 2026-08-14 19:29:21 CST)" executed successfully
2026-08-14 19:29:21,482 [INFO] Running job "check_and_update_summary (trigger: interval[0:10:00], next run at: 2026-08-14 19:39:21 CST)" (scheduled at 2026-08-14 19:29:21.478471+08:00)
2026-08-14 19:29:21,496 [INFO] Summary 未达阈值：新增 12/100（水位线 2781）
2026-08-14 19:29:21,497 [INFO] Job "check_and_update_summary (trigger: interval[0:10:00], next run at: 2026-08-14 19:39:21 CST)" executed successfully
2026-08-14 19:29:21,498 [INFO] Running job "check_and_update_narrative (trigger: interval[0:10:00], next run at: 2026-08-14 19:39:21 CST)" (scheduled at 2026-08-14 19:29:21.478973+08:00)
2026-08-14 19:29:21,500 [INFO] Narrative 未达阈值：新增 6/30（水位线 854）
2026-08-14 19:29:21,501 [INFO] Job "check_and_update_narrative (trigger: interval[0:10:00], next run at: 2026-08-14 19:39:21 CST)" executed successfully
2026-08-14 19:39:21,480 [INFO] Running job "check_and_update_summary (trigger: interval[0:10:00], next run at: 2026-08-14 19:49:21 CST)" (scheduled at 2026-08-14 19:39:21.478471+08:00)
2026-08-14 19:39:21,490 [INFO] Summary 未达阈值：新增 12/100（水位线 2781）
2026-08-14 19:39:21,490 [INFO] Job "check_and_update_summary (trigger: interval[0:10:00], next run at: 2026-08-14 19:49:21 CST)" executed successfully
2026-08-14 19:39:21,491 [INFO] Running job "check_and_update_narrative (trigger: interval[0:10:00], next run at: 2026-08-14 19:49:21 CST)" (scheduled at 2026-08-14 19:39:21.478973+08:00)
2026-08-14 19:39:21,493 [INFO] Narrative 未达阈值：新增 6/30（水位线 854）
2026-08-14 19:39:21,493 [INFO] Job "check_and_update_narrative (trigger: interval[0:10:00], next run at: 2026-08-14 19:49:21 CST)" executed successfully
2026-08-14 19:49:21,481 [INFO] Running job "check_and_update_summary (trigger: interval[0:10:00], next run at: 2026-08-14 19:59:21 CST)" (scheduled at 2026-08-14 19:49:21.478471+08:00)
2026-08-14 19:49:21,492 [INFO] Summary 未达阈值：新增 12/100（水位线 2781）
2026-08-14 19:49:21,492 [INFO] Job "check_and_update_summary (trigger: interval[0:10:00], next run at: 2026-08-14 19:59:21 CST)" executed successfully
2026-08-14 19:49:21,493 [INFO] Running job "check_and_update_narrative (trigger: interval[0:10:00], next run at: 2026-08-14 19:59:21 CST)" (scheduled at 2026-08-14 19:49:21.478973+08:00)
2026-08-14 19:49:21,495 [INFO] Narrative 未达阈值：新增 6/30（水位线 854）
2026-08-14 19:49:21,495 [INFO] Job "check_and_update_narrative (trigger: interval[0:10:00], next run at: 2026-08-14 19:59:21 CST)" executed successfully
2026-08-14 19:56:19,454 [INFO] HTTP Request: GET http://localhost:8000/api/v2/tenants/default_tenant/databases/default_database/collections/bd4a6e7d-3687-4753-ba76-f2e862253781/count?read_level=index_and_wal "HTTP/1.1 200 OK"
2026-08-14 19:56:33,573 [INFO] HTTP Request: GET http://localhost:8000/api/v2/tenants/default_tenant/databases/default_database/collections/bd4a6e7d-3687-4753-ba76-f2e862253781/count?read_level=index_and_wal "HTTP/1.1 200 OK"
2026-08-14 19:58:44,071 [INFO] HTTP Request: GET http://localhost:8000/api/v2/tenants/default_tenant/databases/default_database/collections/bd4a6e7d-3687-4753-ba76-f2e862253781/count?read_level=index_and_wal "HTTP/1.1 200 OK"
2026-08-14 19:59:21,480 [INFO] Running job "check_and_update_summary (trigger: interval[0:10:00], next run at: 2026-08-14 20:09:21 CST)" (scheduled at 2026-08-14 19:59:21.478471+08:00)
2026-08-14 19:59:21,483 [INFO] Summary 未达阈值：新增 12/100（水位线 2781）
2026-08-14 19:59:21,484 [INFO] Job "check_and_update_summary (trigger: interval[0:10:00], next run at: 2026-08-14 20:09:21 CST)" executed successfully
2026-08-14 19:59:21,484 [INFO] Running job "check_and_update_narrative (trigger: interval[0:10:00], next run at: 2026-08-14 20:09:21 CST)" (scheduled at 2026-08-14 19:59:21.478973+08:00)
2026-08-14 19:59:21,486 [INFO] Narrative 未达阈值：新增 6/30（水位线 854）
2026-08-14 19:59:21,486 [INFO] Job "check_and_update_narrative (trigger: interval[0:10:00], next run at: 2026-08-14 20:09:21 CST)" executed successfully
2026-08-14 20:09:21,481 [INFO] Running job "check_and_update_summary (trigger: interval[0:10:00], next run at: 2026-08-14 20:19:21 CST)" (scheduled at 2026-08-14 20:09:21.478471+08:00)
2026-08-14 20:09:21,487 [INFO] Summary 未达阈值：新增 12/100（水位线 2781）
2026-08-14 20:09:21,488 [INFO] Job "check_and_update_summary (trigger: interval[0:10:00], next run at: 2026-08-14 20:19:21 CST)" executed successfully
2026-08-14 20:09:21,488 [INFO] Running job "check_and_update_narrative (trigger: interval[0:10:00], next run at: 2026-08-14 20:19:21 CST)" (scheduled at 2026-08-14 20:09:21.478973+08:00)
2026-08-14 20:09:21,490 [INFO] Narrative 未达阈值：新增 6/30（水位线 854）
2026-08-14 20:09:21,490 [INFO] Job "check_and_update_narrative (trigger: interval[0:10:00], next run at: 2026-08-14 20:19:21 CST)" executed successfully
2026-08-14 20:19:21,481 [INFO] Running job "check_and_update_summary (trigger: interval[0:10:00], next run at: 2026-08-14 20:29:21 CST)" (scheduled at 2026-08-14 20:19:21.478471+08:00)
2026-08-14 20:19:21,489 [INFO] Summary 未达阈值：新增 12/100（水位线 2781）
2026-08-14 20:19:21,489 [INFO] Job "check_and_update_summary (trigger: interval[0:10:00], next run at: 2026-08-14 20:29:21 CST)" executed successfully
2026-08-14 20:19:21,490 [INFO] Running job "check_and_update_narrative (trigger: interval[0:10:00], next run at: 2026-08-14 20:29:21 CST)" (scheduled at 2026-08-14 20:19:21.478973+08:00)
2026-08-14 20:19:21,492 [INFO] Narrative 未达阈值：新增 6/30（水位线 854）
2026-08-14 20:19:21,493 [INFO] Job "check_and_update_narrative (trigger: interval[0:10:00], next run at: 2026-08-14 20:29:21 CST)" executed successfully
2026-08-14 20:29:21,481 [INFO] Running job "check_and_update_summary (trigger: interval[0:10:00], next run at: 2026-08-14 20:39:21 CST)" (scheduled at 2026-08-14 20:29:21.478471+08:00)
2026-08-14 20:29:21,494 [INFO] Summary 未达阈值：新增 12/100（水位线 2781）
2026-08-14 20:29:21,494 [INFO] Job "check_and_update_summary (trigger: interval[0:10:00], next run at: 2026-08-14 20:39:21 CST)" executed successfully
2026-08-14 20:29:21,495 [INFO] Running job "check_and_update_narrative (trigger: interval[0:10:00], next run at: 2026-08-14 20:39:21 CST)" (scheduled at 2026-08-14 20:29:21.478973+08:00)
2026-08-14 20:29:21,498 [INFO] Narrative 未达阈值：新增 6/30（水位线 854）
2026-08-14 20:29:21,498 [INFO] Job "check_and_update_narrative (trigger: interval[0:10:00], next run at: 2026-08-14 20:39:21 CST)" executed successfully
2026-08-14 20:39:21,480 [INFO] Running job "check_and_update_summary (trigger: interval[0:10:00], next run at: 2026-08-14 20:49:21 CST)" (scheduled at 2026-08-14 20:39:21.478471+08:00)
2026-08-14 20:39:21,490 [INFO] Summary 未达阈值：新增 12/100（水位线 2781）
2026-08-14 20:39:21,490 [INFO] Job "check_and_update_summary (trigger: interval[0:10:00], next run at: 2026-08-14 20:49:21 CST)" executed successfully
2026-08-14 20:39:21,491 [INFO] Running job "check_and_update_narrative (trigger: interval[0:10:00], next run at: 2026-08-14 20:49:21 CST)" (scheduled at 2026-08-14 20:39:21.478973+08:00)
2026-08-14 20:39:21,493 [INFO] Narrative 未达阈值：新增 6/30（水位线 854）
2026-08-14 20:39:21,493 [INFO] Job "check_and_update_narrative (trigger: interval[0:10:00], next run at: 2026-08-14 20:49:21 CST)" executed successfully
2026-08-14 20:49:21,481 [INFO] Running job "check_and_update_summary (trigger: interval[0:10:00], next run at: 2026-08-14 20:59:21 CST)" (scheduled at 2026-08-14 20:49:21.478471+08:00)
2026-08-14 20:49:21,494 [INFO] Summary 未达阈值：新增 12/100（水位线 2781）
2026-08-14 20:49:21,494 [INFO] Job "check_and_update_summary (trigger: interval[0:10:00], next run at: 2026-08-14 20:59:21 CST)" executed successfully
2026-08-14 20:49:21,495 [INFO] Running job "check_and_update_narrative (trigger: interval[0:10:00], next run at: 2026-08-14 20:59:21 CST)" (scheduled at 2026-08-14 20:49:21.478973+08:00)
2026-08-14 20:49:21,497 [INFO] Narrative 未达阈值：新增 6/30（水位线 854）
2026-08-14 20:49:21,497 [INFO] Job "check_and_update_narrative (trigger: interval[0:10:00], next run at: 2026-08-14 20:59:21 CST)" executed successfully
2026-08-14 20:59:21,480 [INFO] Running job "check_and_update_summary (trigger: interval[0:10:00], next run at: 2026-08-14 21:09:21 CST)" (scheduled at 2026-08-14 20:59:21.478471+08:00)
2026-08-14 20:59:21,490 [INFO] Summary 未达阈值：新增 12/100（水位线 2781）
2026-08-14 20:59:21,491 [INFO] Job "check_and_update_summary (trigger: interval[0:10:00], next run at: 2026-08-14 21:09:21 CST)" executed successfully
2026-08-14 20:59:21,491 [INFO] Running job "check_and_update_narrative (trigger: interval[0:10:00], next run at: 2026-08-14 21:09:21 CST)" (scheduled at 2026-08-14 20:59:21.478973+08:00)
2026-08-14 20:59:21,494 [INFO] Narrative 未达阈值：新增 6/30（水位线 854）
2026-08-14 20:59:21,494 [INFO] Job "check_and_update_narrative (trigger: interval[0:10:00], next run at: 2026-08-14 21:09:21 CST)" executed successfully
2026-08-14 21:09:21,482 [INFO] Running job "check_and_update_summary (trigger: interval[0:10:00], next run at: 2026-08-14 21:19:21 CST)" (scheduled at 2026-08-14 21:09:21.478471+08:00)
2026-08-14 21:09:21,496 [INFO] Summary 未达阈值：新增 12/100（水位线 2781）
2026-08-14 21:09:21,497 [INFO] Job "check_and_update_summary (trigger: interval[0:10:00], next run at: 2026-08-14 21:19:21 CST)" executed successfully
2026-08-14 21:09:21,497 [INFO] Running job "check_and_update_narrative (trigger: interval[0:10:00], next run at: 2026-08-14 21:19:21 CST)" (scheduled at 2026-08-14 21:09:21.478973+08:00)
2026-08-14 21:09:21,500 [INFO] Narrative 未达阈值：新增 6/30（水位线 854）
2026-08-14 21:09:21,500 [INFO] Job "check_and_update_narrative (trigger: interval[0:10:00], next run at: 2026-08-14 21:19:21 CST)" executed successfully
2026-08-14 21:19:21,481 [INFO] Running job "check_and_update_summary (trigger: interval[0:10:00], next run at: 2026-08-14 21:29:21 CST)" (scheduled at 2026-08-14 21:19:21.478471+08:00)
2026-08-14 21:19:21,490 [INFO] Summary 未达阈值：新增 12/100（水位线 2781）
2026-08-14 21:19:21,491 [INFO] Job "check_and_update_summary (trigger: interval[0:10:00], next run at: 2026-08-14 21:29:21 CST)" executed successfully
2026-08-14 21:19:21,491 [INFO] Running job "check_and_update_narrative (trigger: interval[0:10:00], next run at: 2026-08-14 21:29:21 CST)" (scheduled at 2026-08-14 21:19:21.478973+08:00)
2026-08-14 21:19:21,493 [INFO] Narrative 未达阈值：新增 6/30（水位线 854）
2026-08-14 21:19:21,494 [INFO] Job "check_and_update_narrative (trigger: interval[0:10:00], next run at: 2026-08-14 21:29:21 CST)" executed successfully
2026-08-14 21:29:21,482 [INFO] Running job "check_and_update_summary (trigger: interval[0:10:00], next run at: 2026-08-14 21:39:21 CST)" (scheduled at 2026-08-14 21:29:21.478471+08:00)
2026-08-14 21:29:21,496 [INFO] Summary 未达阈值：新增 12/100（水位线 2781）
2026-08-14 21:29:21,496 [INFO] Job "check_and_update_summary (trigger: interval[0:10:00], next run at: 2026-08-14 21:39:21 CST)" executed successfully
2026-08-14 21:29:21,497 [INFO] Running job "check_and_update_narrative (trigger: interval[0:10:00], next run at: 2026-08-14 21:39:21 CST)" (scheduled at 2026-08-14 21:29:21.478973+08:00)
2026-08-14 21:29:21,499 [INFO] Narrative 未达阈值：新增 6/30（水位线 854）
2026-08-14 21:29:21,500 [INFO] Job "check_and_update_narrative (trigger: interval[0:10:00], next run at: 2026-08-14 21:39:21 CST)" executed successfully
2026-08-14 21:39:21,480 [INFO] Running job "check_and_update_summary (trigger: interval[0:10:00], next run at: 2026-08-14 21:49:21 CST)" (scheduled at 2026-08-14 21:39:21.478471+08:00)
2026-08-14 21:39:21,492 [INFO] Summary 未达阈值：新增 12/100（水位线 2781）
2026-08-14 21:39:21,492 [INFO] Job "check_and_update_summary (trigger: interval[0:10:00], next run at: 2026-08-14 21:49:21 CST)" executed successfully
2026-08-14 21:39:21,493 [INFO] Running job "check_and_update_narrative (trigger: interval[0:10:00], next run at: 2026-08-14 21:49:21 CST)" (scheduled at 2026-08-14 21:39:21.478973+08:00)
2026-08-14 21:39:21,495 [INFO] Narrative 未达阈值：新增 6/30（水位线 854）
2026-08-14 21:39:21,495 [INFO] Job "check_and_update_narrative (trigger: interval[0:10:00], next run at: 2026-08-14 21:49:21 CST)" executed successfully
2026-08-14 21:49:21,481 [INFO] Running job "check_and_update_summary (trigger: interval[0:10:00], next run at: 2026-08-14 21:59:21 CST)" (scheduled at 2026-08-14 21:49:21.478471+08:00)
2026-08-14 21:49:21,497 [INFO] Summary 未达阈值：新增 12/100（水位线 2781）
2026-08-14 21:49:21,497 [INFO] Job "check_and_update_summary (trigger: interval[0:10:00], next run at: 2026-08-14 21:59:21 CST)" executed successfully
2026-08-14 21:49:21,498 [INFO] Running job "check_and_update_narrative (trigger: interval[0:10:00], next run at: 2026-08-14 21:59:21 CST)" (scheduled at 2026-08-14 21:49:21.478973+08:00)
2026-08-14 21:49:21,501 [INFO] Narrative 未达阈值：新增 6/30（水位线 854）
2026-08-14 21:49:21,501 [INFO] Job "check_and_update_narrative (trigger: interval[0:10:00], next run at: 2026-08-14 21:59:21 CST)" executed successfully
2026-08-14 21:59:21,481 [INFO] Running job "check_and_update_summary (trigger: interval[0:10:00], next run at: 2026-08-14 22:09:21 CST)" (scheduled at 2026-08-14 21:59:21.478471+08:00)
2026-08-14 21:59:21,491 [INFO] Summary 未达阈值：新增 12/100（水位线 2781）
2026-08-14 21:59:21,492 [INFO] Job "check_and_update_summary (trigger: interval[0:10:00], next run at: 2026-08-14 22:09:21 CST)" executed successfully
2026-08-14 21:59:21,492 [INFO] Running job "check_and_update_narrative (trigger: interval[0:10:00], next run at: 2026-08-14 22:09:21 CST)" (scheduled at 2026-08-14 21:59:21.478973+08:00)
2026-08-14 21:59:21,494 [INFO] Narrative 未达阈值：新增 6/30（水位线 854）
2026-08-14 21:59:21,494 [INFO] Job "check_and_update_narrative (trigger: interval[0:10:00], next run at: 2026-08-14 22:09:21 CST)" executed successfully
2026-08-14 22:09:21,482 [INFO] Running job "check_and_update_summary (trigger: interval[0:10:00], next run at: 2026-08-14 22:19:21 CST)" (scheduled at 2026-08-14 22:09:21.478471+08:00)
2026-08-14 22:09:21,495 [INFO] Summary 未达阈值：新增 12/100（水位线 2781）
2026-08-14 22:09:21,495 [INFO] Job "check_and_update_summary (trigger: interval[0:10:00], next run at: 2026-08-14 22:19:21 CST)" executed successfully
2026-08-14 22:09:21,496 [INFO] Running job "check_and_update_narrative (trigger: interval[0:10:00], next run at: 2026-08-14 22:19:21 CST)" (scheduled at 2026-08-14 22:09:21.478973+08:00)
2026-08-14 22:09:21,498 [INFO] Narrative 未达阈值：新增 6/30（水位线 854）
2026-08-14 22:09:21,499 [INFO] Job "check_and_update_narrative (trigger: interval[0:10:00], next run at: 2026-08-14 22:19:21 CST)" executed successfully
2026-08-14 22:19:21,482 [INFO] Running job "check_and_update_summary (trigger: interval[0:10:00], next run at: 2026-08-14 22:29:21 CST)" (scheduled at 2026-08-14 22:19:21.478471+08:00)
2026-08-14 22:19:21,496 [INFO] Summary 未达阈值：新增 12/100（水位线 2781）
2026-08-14 22:19:21,497 [INFO] Job "check_and_update_summary (trigger: interval[0:10:00], next run at: 2026-08-14 22:29:21 CST)" executed successfully
2026-08-14 22:19:21,498 [INFO] Running job "check_and_update_narrative (trigger: interval[0:10:00], next run at: 2026-08-14 22:29:21 CST)" (scheduled at 2026-08-14 22:19:21.478973+08:00)
2026-08-14 22:19:21,501 [INFO] Narrative 未达阈值：新增 6/30（水位线 854）
2026-08-14 22:19:21,501 [INFO] Job "check_and_update_narrative (trigger: interval[0:10:00], next run at: 2026-08-14 22:29:21 CST)" executed successfully
2026-08-14 22:29:21,480 [INFO] Running job "check_and_update_summary (trigger: interval[0:10:00], next run at: 2026-08-14 22:39:21 CST)" (scheduled at 2026-08-14 22:29:21.478471+08:00)
2026-08-14 22:29:21,488 [INFO] Summary 未达阈值：新增 12/100（水位线 2781）
2026-08-14 22:29:21,489 [INFO] Job "check_and_update_summary (trigger: interval[0:10:00], next run at: 2026-08-14 22:39:21 CST)" executed successfully
2026-08-14 22:29:21,490 [INFO] Running job "check_and_update_narrative (trigger: interval[0:10:00], next run at: 2026-08-14 22:39:21 CST)" (scheduled at 2026-08-14 22:29:21.478973+08:00)
2026-08-14 22:29:21,492 [INFO] Narrative 未达阈值：新增 6/30（水位线 854）
2026-08-14 22:29:21,492 [INFO] Job "check_and_update_narrative (trigger: interval[0:10:00], next run at: 2026-08-14 22:39:21 CST)" executed successfully
2026-08-14 22:39:21,480 [INFO] Running job "check_and_update_summary (trigger: interval[0:10:00], next run at: 2026-08-14 22:49:21 CST)" (scheduled at 2026-08-14 22:39:21.478471+08:00)
2026-08-14 22:39:21,492 [INFO] Summary 未达阈值：新增 12/100（水位线 2781）
2026-08-14 22:39:21,492 [INFO] Job "check_and_update_summary (trigger: interval[0:10:00], next run at: 2026-08-14 22:49:21 CST)" executed successfully
2026-08-14 22:39:21,493 [INFO] Running job "check_and_update_narrative (trigger: interval[0:10:00], next run at: 2026-08-14 22:49:21 CST)" (scheduled at 2026-08-14 22:39:21.478973+08:00)
2026-08-14 22:39:21,495 [INFO] Narrative 未达阈值：新增 6/30（水位线 854）
2026-08-14 22:39:21,495 [INFO] Job "check_and_update_narrative (trigger: interval[0:10:00], next run at: 2026-08-14 22:49:21 CST)" executed successfully
2026-08-14 22:49:21,482 [INFO] Running job "check_and_update_summary (trigger: interval[0:10:00], next run at: 2026-08-14 22:59:21 CST)" (scheduled at 2026-08-14 22:49:21.478471+08:00)
2026-08-14 22:49:21,491 [INFO] Summary 未达阈值：新增 12/100（水位线 2781）
2026-08-14 22:49:21,491 [INFO] Job "check_and_update_summary (trigger: interval[0:10:00], next run at: 2026-08-14 22:59:21 CST)" executed successfully
2026-08-14 22:49:21,492 [INFO] Running job "check_and_update_narrative (trigger: interval[0:10:00], next run at: 2026-08-14 22:59:21 CST)" (scheduled at 2026-08-14 22:49:21.478973+08:00)
2026-08-14 22:49:21,493 [INFO] Narrative 未达阈值：新增 6/30（水位线 854）
2026-08-14 22:49:21,494 [INFO] Job "check_and_update_narrative (trigger: interval[0:10:00], next run at: 2026-08-14 22:59:21 CST)" executed successfully
2026-08-14 22:59:21,480 [INFO] Running job "check_and_update_summary (trigger: interval[0:10:00], next run at: 2026-08-14 23:09:21 CST)" (scheduled at 2026-08-14 22:59:21.478471+08:00)
2026-08-14 22:59:21,491 [INFO] Summary 未达阈值：新增 12/100（水位线 2781）
2026-08-14 22:59:21,491 [INFO] Job "check_and_update_summary (trigger: interval[0:10:00], next run at: 2026-08-14 23:09:21 CST)" executed successfully
2026-08-14 22:59:21,492 [INFO] Running job "check_and_update_narrative (trigger: interval[0:10:00], next run at: 2026-08-14 23:09:21 CST)" (scheduled at 2026-08-14 22:59:21.478973+08:00)
2026-08-14 22:59:21,494 [INFO] Narrative 未达阈值：新增 6/30（水位线 854）
2026-08-14 22:59:21,494 [INFO] Job "check_and_update_narrative (trigger: interval[0:10:00], next run at: 2026-08-14 23:09:21 CST)" executed successfully
2026-08-14 23:09:21,484 [INFO] Running job "check_and_update_summary (trigger: interval[0:10:00], next run at: 2026-08-14 23:19:21 CST)" (scheduled at 2026-08-14 23:09:21.478471+08:00)
2026-08-14 23:09:21,495 [INFO] Summary 未达阈值：新增 12/100（水位线 2781）
2026-08-14 23:09:21,496 [INFO] Job "check_and_update_summary (trigger: interval[0:10:00], next run at: 2026-08-14 23:19:21 CST)" executed successfully
2026-08-14 23:09:21,496 [INFO] Running job "check_and_update_narrative (trigger: interval[0:10:00], next run at: 2026-08-14 23:19:21 CST)" (scheduled at 2026-08-14 23:09:21.478973+08:00)
2026-08-14 23:09:21,499 [INFO] Narrative 未达阈值：新增 6/30（水位线 854）
2026-08-14 23:09:21,499 [INFO] Job "check_and_update_narrative (trigger: interval[0:10:00], next run at: 2026-08-14 23:19:21 CST)" executed successfully
2026-08-14 23:19:21,479 [INFO] Running job "check_and_update_summary (trigger: interval[0:10:00], next run at: 2026-08-14 23:29:21 CST)" (scheduled at 2026-08-14 23:19:21.478471+08:00)
2026-08-14 23:19:21,483 [INFO] Summary 未达阈值：新增 12/100（水位线 2781）
2026-08-14 23:19:21,484 [INFO] Job "check_and_update_summary (trigger: interval[0:10:00], next run at: 2026-08-14 23:29:21 CST)" executed successfully
2026-08-14 23:19:21,485 [INFO] Running job "check_and_update_narrative (trigger: interval[0:10:00], next run at: 2026-08-14 23:29:21 CST)" (scheduled at 2026-08-14 23:19:21.478973+08:00)
2026-08-14 23:19:21,486 [INFO] Narrative 未达阈值：新增 6/30（水位线 854）
2026-08-14 23:19:21,487 [INFO] Job "check_and_update_narrative (trigger: interval[0:10:00], next run at: 2026-08-14 23:29:21 CST)" executed successfully
2026-08-14 23:22:07,106 [INFO] HTTP Request: POST https://dashscope.aliyuncs.com/compatible-mode/v1/embeddings "HTTP/1.1 200 OK"
2026-08-14 23:22:07,142 [INFO] HTTP Request: POST http://localhost:8000/api/v2/tenants/default_tenant/databases/default_database/collections/bd4a6e7d-3687-4753-ba76-f2e862253781/query "HTTP/1.1 200 OK"
2026-08-14 23:22:07,328 [INFO] HTTP Request: POST http://localhost:8000/api/v2/tenants/default_tenant/databases/default_database/collections/bd4a6e7d-3687-4753-ba76-f2e862253781/get "HTTP/1.1 200 OK"
2026-08-14 23:22:07,338 [INFO] HTTP Request: POST http://localhost:8000/api/v2/tenants/default_tenant/databases/default_database/collections/bd4a6e7d-3687-4753-ba76-f2e862253781/get "HTTP/1.1 200 OK"
2026-08-14 23:22:07,347 [INFO] HTTP Request: POST http://localhost:8000/api/v2/tenants/default_tenant/databases/default_database/collections/bd4a6e7d-3687-4753-ba76-f2e862253781/get "HTTP/1.1 200 OK"
2026-08-14 23:22:07,355 [INFO] HTTP Request: POST http://localhost:8000/api/v2/tenants/default_tenant/databases/default_database/collections/bd4a6e7d-3687-4753-ba76-f2e862253781/get "HTTP/1.1 200 OK"
2026-08-14 23:22:07,368 [INFO] HTTP Request: POST http://localhost:8000/api/v2/tenants/default_tenant/databases/default_database/collections/bd4a6e7d-3687-4753-ba76-f2e862253781/get "HTTP/1.1 200 OK"
2026-08-14 23:22:07,378 [INFO] HTTP Request: POST http://localhost:8000/api/v2/tenants/default_tenant/databases/default_database/collections/bd4a6e7d-3687-4753-ba76-f2e862253781/get "HTTP/1.1 200 OK"
2026-08-14 23:22:07,387 [INFO] HTTP Request: POST http://localhost:8000/api/v2/tenants/default_tenant/databases/default_database/collections/bd4a6e7d-3687-4753-ba76-f2e862253781/get "HTTP/1.1 200 OK"
2026-08-14 23:22:07,395 [INFO] HTTP Request: POST http://localhost:8000/api/v2/tenants/default_tenant/databases/default_database/collections/bd4a6e7d-3687-4753-ba76-f2e862253781/get "HTTP/1.1 200 OK"
2026-08-14 23:25:33,778 [INFO] HTTP Request: GET http://localhost:8000/api/v2/tenants/default_tenant/databases/default_database/collections/bd4a6e7d-3687-4753-ba76-f2e862253781/count?read_level=index_and_wal "HTTP/1.1 200 OK"
2026-08-14 23:29:21,480 [INFO] Running job "check_and_update_summary (trigger: interval[0:10:00], next run at: 2026-08-14 23:39:21 CST)" (scheduled at 2026-08-14 23:29:21.478471+08:00)
2026-08-14 23:29:21,486 [INFO] Summary 未达阈值：新增 12/100（水位线 2781）
2026-08-14 23:29:21,487 [INFO] Job "check_and_update_summary (trigger: interval[0:10:00], next run at: 2026-08-14 23:39:21 CST)" executed successfully
2026-08-14 23:29:21,487 [INFO] Running job "check_and_update_narrative (trigger: interval[0:10:00], next run at: 2026-08-14 23:39:21 CST)" (scheduled at 2026-08-14 23:29:21.478973+08:00)
2026-08-14 23:29:21,489 [INFO] Narrative 未达阈值：新增 6/30（水位线 854）
2026-08-14 23:29:21,489 [INFO] Job "check_and_update_narrative (trigger: interval[0:10:00], next run at: 2026-08-14 23:39:21 CST)" executed successfully
2026-08-14 23:39:21,481 [INFO] Running job "check_and_update_summary (trigger: interval[0:10:00], next run at: 2026-08-14 23:49:21 CST)" (scheduled at 2026-08-14 23:39:21.478471+08:00)
2026-08-14 23:39:21,494 [INFO] Summary 未达阈值：新增 12/100（水位线 2781）
2026-08-14 23:39:21,494 [INFO] Job "check_and_update_summary (trigger: interval[0:10:00], next run at: 2026-08-14 23:49:21 CST)" executed successfully
2026-08-14 23:39:21,495 [INFO] Running job "check_and_update_narrative (trigger: interval[0:10:00], next run at: 2026-08-14 23:49:21 CST)" (scheduled at 2026-08-14 23:39:21.478973+08:00)
2026-08-14 23:39:21,498 [INFO] Narrative 未达阈值：新增 6/30（水位线 854）
2026-08-14 23:39:21,499 [INFO] Job "check_and_update_narrative (trigger: interval[0:10:00], next run at: 2026-08-14 23:49:21 CST)" executed successfully
2026-08-14 23:49:21,482 [INFO] Running job "check_and_update_summary (trigger: interval[0:10:00], next run at: 2026-08-14 23:59:21 CST)" (scheduled at 2026-08-14 23:49:21.478471+08:00)
2026-08-14 23:49:21,491 [INFO] Summary 未达阈值：新增 12/100（水位线 2781）
2026-08-14 23:49:21,491 [INFO] Job "check_and_update_summary (trigger: interval[0:10:00], next run at: 2026-08-14 23:59:21 CST)" executed successfully
2026-08-14 23:49:21,492 [INFO] Running job "check_and_update_narrative (trigger: interval[0:10:00], next run at: 2026-08-14 23:59:21 CST)" (scheduled at 2026-08-14 23:49:21.478973+08:00)
2026-08-14 23:49:21,493 [INFO] Narrative 未达阈值：新增 6/30（水位线 854）
2026-08-14 23:49:21,494 [INFO] Job "check_and_update_narrative (trigger: interval[0:10:00], next run at: 2026-08-14 23:59:21 CST)" executed successfully
2026-08-14 23:59:21,481 [INFO] Running job "check_and_update_summary (trigger: interval[0:10:00], next run at: 2026-08-15 00:09:21 CST)" (scheduled at 2026-08-14 23:59:21.478471+08:00)
2026-08-14 23:59:21,494 [INFO] Summary 未达阈值：新增 12/100（水位线 2781）
2026-08-14 23:59:21,494 [INFO] Job "check_and_update_summary (trigger: interval[0:10:00], next run at: 2026-08-15 00:09:21 CST)" executed successfully
2026-08-14 23:59:21,495 [INFO] Running job "check_and_update_narrative (trigger: interval[0:10:00], next run at: 2026-08-15 00:09:21 CST)" (scheduled at 2026-08-14 23:59:21.478973+08:00)
2026-08-14 23:59:21,497 [INFO] Narrative 未达阈值：新增 6/30（水位线 854）
2026-08-14 23:59:21,500 [INFO] Job "check_and_update_narrative (trigger: interval[0:10:00], next run at: 2026-08-15 00:09:21 CST)" executed successfully
2026-08-15 00:09:21,480 [INFO] Running job "check_and_update_summary (trigger: interval[0:10:00], next run at: 2026-08-15 00:19:21 CST)" (scheduled at 2026-08-15 00:09:21.478471+08:00)
2026-08-15 00:09:21,493 [INFO] Summary 未达阈值：新增 12/100（水位线 2781）
2026-08-15 00:09:21,494 [INFO] Job "check_and_update_summary (trigger: interval[0:10:00], next run at: 2026-08-15 00:19:21 CST)" executed successfully
2026-08-15 00:09:21,495 [INFO] Running job "check_and_update_narrative (trigger: interval[0:10:00], next run at: 2026-08-15 00:19:21 CST)" (scheduled at 2026-08-15 00:09:21.478973+08:00)
2026-08-15 00:09:21,497 [INFO] Narrative 未达阈值：新增 6/30（水位线 854）
2026-08-15 00:09:21,497 [INFO] Job "check_and_update_narrative (trigger: interval[0:10:00], next run at: 2026-08-15 00:19:21 CST)" executed successfully
2026-08-15 00:19:21,481 [INFO] Running job "check_and_update_summary (trigger: interval[0:10:00], next run at: 2026-08-15 00:29:21 CST)" (scheduled at 2026-08-15 00:19:21.478471+08:00)
2026-08-15 00:19:21,490 [INFO] Summary 未达阈值：新增 12/100（水位线 2781）
2026-08-15 00:19:21,491 [INFO] Job "check_and_update_summary (trigger: interval[0:10:00], next run at: 2026-08-15 00:29:21 CST)" executed successfully
2026-08-15 00:19:21,491 [INFO] Running job "check_and_update_narrative (trigger: interval[0:10:00], next run at: 2026-08-15 00:29:21 CST)" (scheduled at 2026-08-15 00:19:21.478973+08:00)
2026-08-15 00:19:21,493 [INFO] Narrative 未达阈值：新增 6/30（水位线 854）
2026-08-15 00:19:21,494 [INFO] Job "check_and_update_narrative (trigger: interval[0:10:00], next run at: 2026-08-15 00:29:21 CST)" executed successfully
2026-08-15 00:29:21,480 [INFO] Running job "check_and_update_summary (trigger: interval[0:10:00], next run at: 2026-08-15 00:39:21 CST)" (scheduled at 2026-08-15 00:29:21.478471+08:00)
2026-08-15 00:29:21,492 [INFO] Summary 未达阈值：新增 12/100（水位线 2781）
2026-08-15 00:29:21,493 [INFO] Job "check_and_update_summary (trigger: interval[0:10:00], next run at: 2026-08-15 00:39:21 CST)" executed successfully
2026-08-15 00:29:21,494 [INFO] Running job "check_and_update_narrative (trigger: interval[0:10:00], next run at: 2026-08-15 00:39:21 CST)" (scheduled at 2026-08-15 00:29:21.478973+08:00)
2026-08-15 00:29:21,497 [INFO] Narrative 未达阈值：新增 6/30（水位线 854）
2026-08-15 00:29:21,497 [INFO] Job "check_and_update_narrative (trigger: interval[0:10:00], next run at: 2026-08-15 00:39:21 CST)" executed successfully
2026-08-15 00:39:21,482 [INFO] Running job "check_and_update_summary (trigger: interval[0:10:00], next run at: 2026-08-15 00:49:21 CST)" (scheduled at 2026-08-15 00:39:21.478471+08:00)
2026-08-15 00:39:21,496 [INFO] Summary 未达阈值：新增 12/100（水位线 2781）
2026-08-15 00:39:21,496 [INFO] Job "check_and_update_summary (trigger: interval[0:10:00], next run at: 2026-08-15 00:49:21 CST)" executed successfully
2026-08-15 00:39:21,497 [INFO] Running job "check_and_update_narrative (trigger: interval[0:10:00], next run at: 2026-08-15 00:49:21 CST)" (scheduled at 2026-08-15 00:39:21.478973+08:00)
2026-08-15 00:39:21,500 [INFO] Narrative 未达阈值：新增 6/30（水位线 854）
2026-08-15 00:39:21,500 [INFO] Job "check_and_update_narrative (trigger: interval[0:10:00], next run at: 2026-08-15 00:49:21 CST)" executed successfully
2026-08-15 00:49:21,482 [INFO] Running job "check_and_update_summary (trigger: interval[0:10:00], next run at: 2026-08-15 00:59:21 CST)" (scheduled at 2026-08-15 00:49:21.478471+08:00)
2026-08-15 00:49:21,496 [INFO] Summary 未达阈值：新增 12/100（水位线 2781）
2026-08-15 00:49:21,497 [INFO] Job "check_and_update_summary (trigger: interval[0:10:00], next run at: 2026-08-15 00:59:21 CST)" executed successfully
2026-08-15 00:49:21,497 [INFO] Running job "check_and_update_narrative (trigger: interval[0:10:00], next run at: 2026-08-15 00:59:21 CST)" (scheduled at 2026-08-15 00:49:21.478973+08:00)
2026-08-15 00:49:21,500 [INFO] Narrative 未达阈值：新增 6/30（水位线 854）
2026-08-15 00:49:21,500 [INFO] Job "check_and_update_narrative (trigger: interval[0:10:00], next run at: 2026-08-15 00:59:21 CST)" executed successfully
2026-08-15 00:59:21,481 [INFO] Running job "check_and_update_summary (trigger: interval[0:10:00], next run at: 2026-08-15 01:09:21 CST)" (scheduled at 2026-08-15 00:59:21.478471+08:00)
2026-08-15 00:59:21,488 [INFO] Summary 未达阈值：新增 12/100（水位线 2781）
2026-08-15 00:59:21,488 [INFO] Job "check_and_update_summary (trigger: interval[0:10:00], next run at: 2026-08-15 01:09:21 CST)" executed successfully
2026-08-15 00:59:21,489 [INFO] Running job "check_and_update_narrative (trigger: interval[0:10:00], next run at: 2026-08-15 01:09:21 CST)" (scheduled at 2026-08-15 00:59:21.478973+08:00)
2026-08-15 00:59:21,491 [INFO] Narrative 未达阈值：新增 6/30（水位线 854）
2026-08-15 00:59:21,492 [INFO] Job "check_and_update_narrative (trigger: interval[0:10:00], next run at: 2026-08-15 01:09:21 CST)" executed successfully
2026-08-15 01:09:21,480 [INFO] Running job "check_and_update_summary (trigger: interval[0:10:00], next run at: 2026-08-15 01:19:21 CST)" (scheduled at 2026-08-15 01:09:21.478471+08:00)
2026-08-15 01:09:21,489 [INFO] Summary 未达阈值：新增 12/100（水位线 2781）
2026-08-15 01:09:21,490 [INFO] Job "check_and_update_summary (trigger: interval[0:10:00], next run at: 2026-08-15 01:19:21 CST)" executed successfully
2026-08-15 01:09:21,491 [INFO] Running job "check_and_update_narrative (trigger: interval[0:10:00], next run at: 2026-08-15 01:19:21 CST)" (scheduled at 2026-08-15 01:09:21.478973+08:00)
2026-08-15 01:09:21,493 [INFO] Narrative 未达阈值：新增 6/30（水位线 854）
2026-08-15 01:09:21,494 [INFO] Job "check_and_update_narrative (trigger: interval[0:10:00], next run at: 2026-08-15 01:19:21 CST)" executed successfully
2026-08-15 01:19:21,481 [INFO] Running job "check_and_update_summary (trigger: interval[0:10:00], next run at: 2026-08-15 01:29:21 CST)" (scheduled at 2026-08-15 01:19:21.478471+08:00)
2026-08-15 01:19:21,491 [INFO] Summary 未达阈值：新增 12/100（水位线 2781）
2026-08-15 01:19:21,491 [INFO] Job "check_and_update_summary (trigger: interval[0:10:00], next run at: 2026-08-15 01:29:21 CST)" executed successfully
2026-08-15 01:19:21,492 [INFO] Running job "check_and_update_narrative (trigger: interval[0:10:00], next run at: 2026-08-15 01:29:21 CST)" (scheduled at 2026-08-15 01:19:21.478973+08:00)
2026-08-15 01:19:21,494 [INFO] Narrative 未达阈值：新增 6/30（水位线 854）
2026-08-15 01:19:21,495 [INFO] Job "check_and_update_narrative (trigger: interval[0:10:00], next run at: 2026-08-15 01:29:21 CST)" executed successfully
2026-08-15 01:29:21,481 [INFO] Running job "check_and_update_summary (trigger: interval[0:10:00], next run at: 2026-08-15 01:39:21 CST)" (scheduled at 2026-08-15 01:29:21.478471+08:00)
2026-08-15 01:29:21,490 [INFO] Summary 未达阈值：新增 12/100（水位线 2781）
2026-08-15 01:29:21,492 [INFO] Job "check_and_update_summary (trigger: interval[0:10:00], next run at: 2026-08-15 01:39:21 CST)" executed successfully
2026-08-15 01:29:21,492 [INFO] Running job "check_and_update_narrative (trigger: interval[0:10:00], next run at: 2026-08-15 01:39:21 CST)" (scheduled at 2026-08-15 01:29:21.478973+08:00)
2026-08-15 01:29:21,494 [INFO] Narrative 未达阈值：新增 6/30（水位线 854）
2026-08-15 01:29:21,494 [INFO] Job "check_and_update_narrative (trigger: interval[0:10:00], next run at: 2026-08-15 01:39:21 CST)" executed successfully
2026-08-15 01:39:21,480 [INFO] Running job "check_and_update_summary (trigger: interval[0:10:00], next run at: 2026-08-15 01:49:21 CST)" (scheduled at 2026-08-15 01:39:21.478471+08:00)
2026-08-15 01:39:21,490 [INFO] Summary 未达阈值：新增 12/100（水位线 2781）
2026-08-15 01:39:21,491 [INFO] Job "check_and_update_summary (trigger: interval[0:10:00], next run at: 2026-08-15 01:49:21 CST)" executed successfully
2026-08-15 01:39:21,491 [INFO] Running job "check_and_update_narrative (trigger: interval[0:10:00], next run at: 2026-08-15 01:49:21 CST)" (scheduled at 2026-08-15 01:39:21.478973+08:00)
2026-08-15 01:39:21,493 [INFO] Narrative 未达阈值：新增 6/30（水位线 854）
2026-08-15 01:39:21,493 [INFO] Job "check_and_update_narrative (trigger: interval[0:10:00], next run at: 2026-08-15 01:49:21 CST)" executed successfully
2026-08-15 01:49:21,481 [INFO] Running job "check_and_update_summary (trigger: interval[0:10:00], next run at: 2026-08-15 01:59:21 CST)" (scheduled at 2026-08-15 01:49:21.478471+08:00)
2026-08-15 01:49:21,489 [INFO] Summary 未达阈值：新增 12/100（水位线 2781）
2026-08-15 01:49:21,490 [INFO] Job "check_and_update_summary (trigger: interval[0:10:00], next run at: 2026-08-15 01:59:21 CST)" executed successfully
2026-08-15 01:49:21,491 [INFO] Running job "check_and_update_narrative (trigger: interval[0:10:00], next run at: 2026-08-15 01:59:21 CST)" (scheduled at 2026-08-15 01:49:21.478973+08:00)
2026-08-15 01:49:21,493 [INFO] Narrative 未达阈值：新增 6/30（水位线 854）
2026-08-15 01:49:21,494 [INFO] Job "check_and_update_narrative (trigger: interval[0:10:00], next run at: 2026-08-15 01:59:21 CST)" executed successfully
2026-08-15 01:59:21,480 [INFO] Running job "check_and_update_summary (trigger: interval[0:10:00], next run at: 2026-08-15 02:09:21 CST)" (scheduled at 2026-08-15 01:59:21.478471+08:00)
2026-08-15 01:59:21,494 [INFO] Summary 未达阈值：新增 12/100（水位线 2781）
2026-08-15 01:59:21,495 [INFO] Job "check_and_update_summary (trigger: interval[0:10:00], next run at: 2026-08-15 02:09:21 CST)" executed successfully
2026-08-15 01:59:21,495 [INFO] Running job "check_and_update_narrative (trigger: interval[0:10:00], next run at: 2026-08-15 02:09:21 CST)" (scheduled at 2026-08-15 01:59:21.478973+08:00)
2026-08-15 01:59:21,498 [INFO] Narrative 未达阈值：新增 6/30（水位线 854）
2026-08-15 01:59:21,499 [INFO] Job "check_and_update_narrative (trigger: interval[0:10:00], next run at: 2026-08-15 02:09:21 CST)" executed successfully
2026-08-15 02:09:21,481 [INFO] Running job "check_and_update_summary (trigger: interval[0:10:00], next run at: 2026-08-15 02:19:21 CST)" (scheduled at 2026-08-15 02:09:21.478471+08:00)
2026-08-15 02:09:21,490 [INFO] Summary 未达阈值：新增 12/100（水位线 2781）
2026-08-15 02:09:21,490 [INFO] Job "check_and_update_summary (trigger: interval[0:10:00], next run at: 2026-08-15 02:19:21 CST)" executed successfully
2026-08-15 02:09:21,491 [INFO] Running job "check_and_update_narrative (trigger: interval[0:10:00], next run at: 2026-08-15 02:19:21 CST)" (scheduled at 2026-08-15 02:09:21.478973+08:00)
2026-08-15 02:09:21,494 [INFO] Narrative 未达阈值：新增 6/30（水位线 854）
2026-08-15 02:09:21,494 [INFO] Job "check_and_update_narrative (trigger: interval[0:10:00], next run at: 2026-08-15 02:19:21 CST)" executed successfully
2026-08-15 02:19:21,481 [INFO] Running job "check_and_update_summary (trigger: interval[0:10:00], next run at: 2026-08-15 02:29:21 CST)" (scheduled at 2026-08-15 02:19:21.478471+08:00)
2026-08-15 02:19:21,493 [INFO] Summary 未达阈值：新增 12/100（水位线 2781）
2026-08-15 02:19:21,494 [INFO] Job "check_and_update_summary (trigger: interval[0:10:00], next run at: 2026-08-15 02:29:21 CST)" executed successfully
2026-08-15 02:19:21,495 [INFO] Running job "check_and_update_narrative (trigger: interval[0:10:00], next run at: 2026-08-15 02:29:21 CST)" (scheduled at 2026-08-15 02:19:21.478973+08:00)
2026-08-15 02:19:21,497 [INFO] Narrative 未达阈值：新增 6/30（水位线 854）
2026-08-15 02:19:21,497 [INFO] Job "check_and_update_narrative (trigger: interval[0:10:00], next run at: 2026-08-15 02:29:21 CST)" executed successfully
2026-08-15 02:29:21,481 [INFO] Running job "check_and_update_summary (trigger: interval[0:10:00], next run at: 2026-08-15 02:39:21 CST)" (scheduled at 2026-08-15 02:29:21.478471+08:00)
2026-08-15 02:29:21,495 [INFO] Summary 未达阈值：新增 12/100（水位线 2781）
2026-08-15 02:29:21,496 [INFO] Job "check_and_update_summary (trigger: interval[0:10:00], next run at: 2026-08-15 02:39:21 CST)" executed successfully
2026-08-15 02:29:21,497 [INFO] Running job "check_and_update_narrative (trigger: interval[0:10:00], next run at: 2026-08-15 02:39:21 CST)" (scheduled at 2026-08-15 02:29:21.478973+08:00)
2026-08-15 02:29:21,499 [INFO] Narrative 未达阈值：新增 6/30（水位线 854）
2026-08-15 02:29:21,500 [INFO] Job "check_and_update_narrative (trigger: interval[0:10:00], next run at: 2026-08-15 02:39:21 CST)" executed successfully
2026-08-15 02:39:21,481 [INFO] Running job "check_and_update_summary (trigger: interval[0:10:00], next run at: 2026-08-15 02:49:21 CST)" (scheduled at 2026-08-15 02:39:21.478471+08:00)
2026-08-15 02:39:21,493 [INFO] Summary 未达阈值：新增 12/100（水位线 2781）
2026-08-15 02:39:21,494 [INFO] Job "check_and_update_summary (trigger: interval[0:10:00], next run at: 2026-08-15 02:49:21 CST)" executed successfully
2026-08-15 02:39:21,495 [INFO] Running job "check_and_update_narrative (trigger: interval[0:10:00], next run at: 2026-08-15 02:49:21 CST)" (scheduled at 2026-08-15 02:39:21.478973+08:00)
2026-08-15 02:39:21,497 [INFO] Narrative 未达阈值：新增 6/30（水位线 854）
2026-08-15 02:39:21,497 [INFO] Job "check_and_update_narrative (trigger: interval[0:10:00], next run at: 2026-08-15 02:49:21 CST)" executed successfully
2026-08-15 02:49:21,481 [INFO] Running job "check_and_update_summary (trigger: interval[0:10:00], next run at: 2026-08-15 02:59:21 CST)" (scheduled at 2026-08-15 02:49:21.478471+08:00)
2026-08-15 02:49:21,492 [INFO] Summary 未达阈值：新增 12/100（水位线 2781）
2026-08-15 02:49:21,492 [INFO] Job "check_and_update_summary (trigger: interval[0:10:00], next run at: 2026-08-15 02:59:21 CST)" executed successfully
2026-08-15 02:49:21,493 [INFO] Running job "check_and_update_narrative (trigger: interval[0:10:00], next run at: 2026-08-15 02:59:21 CST)" (scheduled at 2026-08-15 02:49:21.478973+08:00)
2026-08-15 02:49:21,495 [INFO] Narrative 未达阈值：新增 6/30（水位线 854）
2026-08-15 02:49:21,495 [INFO] Job "check_and_update_narrative (trigger: interval[0:10:00], next run at: 2026-08-15 02:59:21 CST)" executed successfully
2026-08-15 02:59:21,481 [INFO] Running job "check_and_update_summary (trigger: interval[0:10:00], next run at: 2026-08-15 03:09:21 CST)" (scheduled at 2026-08-15 02:59:21.478471+08:00)
2026-08-15 02:59:21,489 [INFO] Summary 未达阈值：新增 12/100（水位线 2781）
2026-08-15 02:59:21,490 [INFO] Job "check_and_update_summary (trigger: interval[0:10:00], next run at: 2026-08-15 03:09:21 CST)" executed successfully
2026-08-15 02:59:21,490 [INFO] Running job "check_and_update_narrative (trigger: interval[0:10:00], next run at: 2026-08-15 03:09:21 CST)" (scheduled at 2026-08-15 02:59:21.478973+08:00)
2026-08-15 02:59:21,492 [INFO] Narrative 未达阈值：新增 6/30（水位线 854）
2026-08-15 02:59:21,493 [INFO] Job "check_and_update_narrative (trigger: interval[0:10:00], next run at: 2026-08-15 03:09:21 CST)" executed successfully
2026-08-15 03:09:21,481 [INFO] Running job "check_and_update_summary (trigger: interval[0:10:00], next run at: 2026-08-15 03:19:21 CST)" (scheduled at 2026-08-15 03:09:21.478471+08:00)
2026-08-15 03:09:21,490 [INFO] Summary 未达阈值：新增 12/100（水位线 2781）
2026-08-15 03:09:21,490 [INFO] Job "check_and_update_summary (trigger: interval[0:10:00], next run at: 2026-08-15 03:19:21 CST)" executed successfully
2026-08-15 03:09:21,491 [INFO] Running job "check_and_update_narrative (trigger: interval[0:10:00], next run at: 2026-08-15 03:19:21 CST)" (scheduled at 2026-08-15 03:09:21.478973+08:00)
2026-08-15 03:09:21,492 [INFO] Narrative 未达阈值：新增 6/30（水位线 854）
2026-08-15 03:09:21,493 [INFO] Job "check_and_update_narrative (trigger: interval[0:10:00], next run at: 2026-08-15 03:19:21 CST)" executed successfully
2026-08-15 03:19:21,481 [INFO] Running job "check_and_update_summary (trigger: interval[0:10:00], next run at: 2026-08-15 03:29:21 CST)" (scheduled at 2026-08-15 03:19:21.478471+08:00)
2026-08-15 03:19:21,489 [INFO] Summary 未达阈值：新增 12/100（水位线 2781）
2026-08-15 03:19:21,490 [INFO] Job "check_and_update_summary (trigger: interval[0:10:00], next run at: 2026-08-15 03:29:21 CST)" executed successfully
2026-08-15 03:19:21,490 [INFO] Running job "check_and_update_narrative (trigger: interval[0:10:00], next run at: 2026-08-15 03:29:21 CST)" (scheduled at 2026-08-15 03:19:21.478973+08:00)
2026-08-15 03:19:21,492 [INFO] Narrative 未达阈值：新增 6/30（水位线 854）
2026-08-15 03:19:21,492 [INFO] Job "check_and_update_narrative (trigger: interval[0:10:00], next run at: 2026-08-15 03:29:21 CST)" executed successfully
2026-08-15 03:29:21,480 [INFO] Running job "check_and_update_summary (trigger: interval[0:10:00], next run at: 2026-08-15 03:39:21 CST)" (scheduled at 2026-08-15 03:29:21.478471+08:00)
2026-08-15 03:29:21,495 [INFO] Summary 未达阈值：新增 12/100（水位线 2781）
2026-08-15 03:29:21,495 [INFO] Job "check_and_update_summary (trigger: interval[0:10:00], next run at: 2026-08-15 03:39:21 CST)" executed successfully
2026-08-15 03:29:21,497 [INFO] Running job "check_and_update_narrative (trigger: interval[0:10:00], next run at: 2026-08-15 03:39:21 CST)" (scheduled at 2026-08-15 03:29:21.478973+08:00)
2026-08-15 03:29:21,500 [INFO] Narrative 未达阈值：新增 6/30（水位线 854）
2026-08-15 03:29:21,500 [INFO] Job "check_and_update_narrative (trigger: interval[0:10:00], next run at: 2026-08-15 03:39:21 CST)" executed successfully
2026-08-15 03:39:21,482 [INFO] Running job "check_and_update_summary (trigger: interval[0:10:00], next run at: 2026-08-15 03:49:21 CST)" (scheduled at 2026-08-15 03:39:21.478471+08:00)
2026-08-15 03:39:21,493 [INFO] Summary 未达阈值：新增 12/100（水位线 2781）
2026-08-15 03:39:21,493 [INFO] Job "check_and_update_summary (trigger: interval[0:10:00], next run at: 2026-08-15 03:49:21 CST)" executed successfully
2026-08-15 03:39:21,494 [INFO] Running job "check_and_update_narrative (trigger: interval[0:10:00], next run at: 2026-08-15 03:49:21 CST)" (scheduled at 2026-08-15 03:39:21.478973+08:00)
2026-08-15 03:39:21,495 [INFO] Narrative 未达阈值：新增 6/30（水位线 854）
2026-08-15 03:39:21,495 [INFO] Job "check_and_update_narrative (trigger: interval[0:10:00], next run at: 2026-08-15 03:49:21 CST)" executed successfully
2026-08-15 03:49:21,482 [INFO] Running job "check_and_update_summary (trigger: interval[0:10:00], next run at: 2026-08-15 03:59:21 CST)" (scheduled at 2026-08-15 03:49:21.478471+08:00)
2026-08-15 03:49:21,495 [INFO] Summary 未达阈值：新增 12/100（水位线 2781）
2026-08-15 03:49:21,496 [INFO] Job "check_and_update_summary (trigger: interval[0:10:00], next run at: 2026-08-15 03:59:21 CST)" executed successfully
2026-08-15 03:49:21,496 [INFO] Running job "check_and_update_narrative (trigger: interval[0:10:00], next run at: 2026-08-15 03:59:21 CST)" (scheduled at 2026-08-15 03:49:21.478973+08:00)
2026-08-15 03:49:21,499 [INFO] Narrative 未达阈值：新增 6/30（水位线 854）
2026-08-15 03:49:21,499 [INFO] Job "check_and_update_narrative (trigger: interval[0:10:00], next run at: 2026-08-15 03:59:21 CST)" executed successfully
2026-08-15 03:59:21,479 [INFO] Running job "check_and_update_summary (trigger: interval[0:10:00], next run at: 2026-08-15 04:09:21 CST)" (scheduled at 2026-08-15 03:59:21.478471+08:00)
2026-08-15 03:59:21,485 [INFO] Summary 未达阈值：新增 12/100（水位线 2781）
2026-08-15 03:59:21,486 [INFO] Job "check_and_update_summary (trigger: interval[0:10:00], next run at: 2026-08-15 04:09:21 CST)" executed successfully
2026-08-15 03:59:21,486 [INFO] Running job "check_and_update_narrative (trigger: interval[0:10:00], next run at: 2026-08-15 04:09:21 CST)" (scheduled at 2026-08-15 03:59:21.478973+08:00)
2026-08-15 03:59:21,488 [INFO] Narrative 未达阈值：新增 6/30（水位线 854）
2026-08-15 03:59:21,488 [INFO] Job "check_and_update_narrative (trigger: interval[0:10:00], next run at: 2026-08-15 04:09:21 CST)" executed successfully
2026-08-15 04:09:21,479 [INFO] Running job "check_and_update_summary (trigger: interval[0:10:00], next run at: 2026-08-15 04:19:21 CST)" (scheduled at 2026-08-15 04:09:21.478471+08:00)
2026-08-15 04:09:21,490 [INFO] Summary 未达阈值：新增 12/100（水位线 2781）
2026-08-15 04:09:21,491 [INFO] Job "check_and_update_summary (trigger: interval[0:10:00], next run at: 2026-08-15 04:19:21 CST)" executed successfully
2026-08-15 04:09:21,492 [INFO] Running job "check_and_update_narrative (trigger: interval[0:10:00], next run at: 2026-08-15 04:19:21 CST)" (scheduled at 2026-08-15 04:09:21.478973+08:00)
2026-08-15 04:09:21,494 [INFO] Narrative 未达阈值：新增 6/30（水位线 854）
2026-08-15 04:09:21,494 [INFO] Job "check_and_update_narrative (trigger: interval[0:10:00], next run at: 2026-08-15 04:19:21 CST)" executed successfully
2026-08-15 04:19:21,480 [INFO] Running job "check_and_update_summary (trigger: interval[0:10:00], next run at: 2026-08-15 04:29:21 CST)" (scheduled at 2026-08-15 04:19:21.478471+08:00)
2026-08-15 04:19:21,487 [INFO] Summary 未达阈值：新增 12/100（水位线 2781）
2026-08-15 04:19:21,487 [INFO] Job "check_and_update_summary (trigger: interval[0:10:00], next run at: 2026-08-15 04:29:21 CST)" executed successfully
2026-08-15 04:19:21,487 [INFO] Running job "check_and_update_narrative (trigger: interval[0:10:00], next run at: 2026-08-15 04:29:21 CST)" (scheduled at 2026-08-15 04:19:21.478973+08:00)
2026-08-15 04:19:21,489 [INFO] Narrative 未达阈值：新增 6/30（水位线 854）
2026-08-15 04:19:21,489 [INFO] Job "check_and_update_narrative (trigger: interval[0:10:00], next run at: 2026-08-15 04:29:21 CST)" executed successfully
2026-08-15 04:29:21,481 [INFO] Running job "check_and_update_summary (trigger: interval[0:10:00], next run at: 2026-08-15 04:39:21 CST)" (scheduled at 2026-08-15 04:29:21.478471+08:00)
2026-08-15 04:29:21,493 [INFO] Summary 未达阈值：新增 12/100（水位线 2781）
2026-08-15 04:29:21,494 [INFO] Job "check_and_update_summary (trigger: interval[0:10:00], next run at: 2026-08-15 04:39:21 CST)" executed successfully
2026-08-15 04:29:21,495 [INFO] Running job "check_and_update_narrative (trigger: interval[0:10:00], next run at: 2026-08-15 04:39:21 CST)" (scheduled at 2026-08-15 04:29:21.478973+08:00)
2026-08-15 04:29:21,497 [INFO] Narrative 未达阈值：新增 6/30（水位线 854）
2026-08-15 04:29:21,498 [INFO] Job "check_and_update_narrative (trigger: interval[0:10:00], next run at: 2026-08-15 04:39:21 CST)" executed successfully
2026-08-15 04:39:21,482 [INFO] Running job "check_and_update_summary (trigger: interval[0:10:00], next run at: 2026-08-15 04:49:21 CST)" (scheduled at 2026-08-15 04:39:21.478471+08:00)
2026-08-15 04:39:21,492 [INFO] Summary 未达阈值：新增 12/100（水位线 2781）
2026-08-15 04:39:21,493 [INFO] Job "check_and_update_summary (trigger: interval[0:10:00], next run at: 2026-08-15 04:49:21 CST)" executed successfully
2026-08-15 04:39:21,493 [INFO] Running job "check_and_update_narrative (trigger: interval[0:10:00], next run at: 2026-08-15 04:49:21 CST)" (scheduled at 2026-08-15 04:39:21.478973+08:00)
2026-08-15 04:39:21,495 [INFO] Narrative 未达阈值：新增 6/30（水位线 854）
2026-08-15 04:39:21,495 [INFO] Job "check_and_update_narrative (trigger: interval[0:10:00], next run at: 2026-08-15 04:49:21 CST)" executed successfully
2026-08-15 04:49:21,482 [INFO] Running job "check_and_update_summary (trigger: interval[0:10:00], next run at: 2026-08-15 04:59:21 CST)" (scheduled at 2026-08-15 04:49:21.478471+08:00)
2026-08-15 04:49:21,502 [INFO] Summary 未达阈值：新增 12/100（水位线 2781）
2026-08-15 04:49:21,502 [INFO] Job "check_and_update_summary (trigger: interval[0:10:00], next run at: 2026-08-15 04:59:21 CST)" executed successfully
2026-08-15 04:49:21,503 [INFO] Running job "check_and_update_narrative (trigger: interval[0:10:00], next run at: 2026-08-15 04:59:21 CST)" (scheduled at 2026-08-15 04:49:21.478973+08:00)
2026-08-15 04:49:21,506 [INFO] Narrative 未达阈值：新增 6/30（水位线 854）
2026-08-15 04:49:21,506 [INFO] Job "check_and_update_narrative (trigger: interval[0:10:00], next run at: 2026-08-15 04:59:21 CST)" executed successfully
2026-08-15 04:59:21,481 [INFO] Running job "check_and_update_summary (trigger: interval[0:10:00], next run at: 2026-08-15 05:09:21 CST)" (scheduled at 2026-08-15 04:59:21.478471+08:00)
2026-08-15 04:59:21,495 [INFO] Summary 未达阈值：新增 12/100（水位线 2781）
2026-08-15 04:59:21,495 [INFO] Job "check_and_update_summary (trigger: interval[0:10:00], next run at: 2026-08-15 05:09:21 CST)" executed successfully
2026-08-15 04:59:21,496 [INFO] Running job "check_and_update_narrative (trigger: interval[0:10:00], next run at: 2026-08-15 05:09:21 CST)" (scheduled at 2026-08-15 04:59:21.478973+08:00)
2026-08-15 04:59:21,499 [INFO] Narrative 未达阈值：新增 6/30（水位线 854）
2026-08-15 04:59:21,499 [INFO] Job "check_and_update_narrative (trigger: interval[0:10:00], next run at: 2026-08-15 05:09:21 CST)" executed successfully
2026-08-15 05:09:21,481 [INFO] Running job "check_and_update_summary (trigger: interval[0:10:00], next run at: 2026-08-15 05:19:21 CST)" (scheduled at 2026-08-15 05:09:21.478471+08:00)
2026-08-15 05:09:21,490 [INFO] Summary 未达阈值：新增 12/100（水位线 2781）
2026-08-15 05:09:21,491 [INFO] Job "check_and_update_summary (trigger: interval[0:10:00], next run at: 2026-08-15 05:19:21 CST)" executed successfully
2026-08-15 05:09:21,491 [INFO] Running job "check_and_update_narrative (trigger: interval[0:10:00], next run at: 2026-08-15 05:19:21 CST)" (scheduled at 2026-08-15 05:09:21.478973+08:00)
2026-08-15 05:09:21,494 [INFO] Narrative 未达阈值：新增 6/30（水位线 854）
2026-08-15 05:09:21,494 [INFO] Job "check_and_update_narrative (trigger: interval[0:10:00], next run at: 2026-08-15 05:19:21 CST)" executed successfully
2026-08-15 05:19:21,481 [INFO] Running job "check_and_update_summary (trigger: interval[0:10:00], next run at: 2026-08-15 05:29:21 CST)" (scheduled at 2026-08-15 05:19:21.478471+08:00)
2026-08-15 05:19:21,488 [INFO] Summary 未达阈值：新增 12/100（水位线 2781）
2026-08-15 05:19:21,489 [INFO] Job "check_and_update_summary (trigger: interval[0:10:00], next run at: 2026-08-15 05:29:21 CST)" executed successfully
2026-08-15 05:19:21,489 [INFO] Running job "check_and_update_narrative (trigger: interval[0:10:00], next run at: 2026-08-15 05:29:21 CST)" (scheduled at 2026-08-15 05:19:21.478973+08:00)
2026-08-15 05:19:21,491 [INFO] Narrative 未达阈值：新增 6/30（水位线 854）
2026-08-15 05:19:21,491 [INFO] Job "check_and_update_narrative (trigger: interval[0:10:00], next run at: 2026-08-15 05:29:21 CST)" executed successfully
2026-08-15 05:29:21,482 [INFO] Running job "check_and_update_summary (trigger: interval[0:10:00], next run at: 2026-08-15 05:39:21 CST)" (scheduled at 2026-08-15 05:29:21.478471+08:00)
2026-08-15 05:29:21,498 [INFO] Summary 未达阈值：新增 12/100（水位线 2781）
2026-08-15 05:29:21,498 [INFO] Job "check_and_update_summary (trigger: interval[0:10:00], next run at: 2026-08-15 05:39:21 CST)" executed successfully
2026-08-15 05:29:21,499 [INFO] Running job "check_and_update_narrative (trigger: interval[0:10:00], next run at: 2026-08-15 05:39:21 CST)" (scheduled at 2026-08-15 05:29:21.478973+08:00)
2026-08-15 05:29:21,502 [INFO] Narrative 未达阈值：新增 6/30（水位线 854）
2026-08-15 05:29:21,502 [INFO] Job "check_and_update_narrative (trigger: interval[0:10:00], next run at: 2026-08-15 05:39:21 CST)" executed successfully
2026-08-15 05:39:21,481 [INFO] Running job "check_and_update_summary (trigger: interval[0:10:00], next run at: 2026-08-15 05:49:21 CST)" (scheduled at 2026-08-15 05:39:21.478471+08:00)
2026-08-15 05:39:21,494 [INFO] Summary 未达阈值：新增 12/100（水位线 2781）
2026-08-15 05:39:21,495 [INFO] Job "check_and_update_summary (trigger: interval[0:10:00], next run at: 2026-08-15 05:49:21 CST)" executed successfully
2026-08-15 05:39:21,495 [INFO] Running job "check_and_update_narrative (trigger: interval[0:10:00], next run at: 2026-08-15 05:49:21 CST)" (scheduled at 2026-08-15 05:39:21.478973+08:00)
2026-08-15 05:39:21,497 [INFO] Narrative 未达阈值：新增 6/30（水位线 854）
2026-08-15 05:39:21,498 [INFO] Job "check_and_update_narrative (trigger: interval[0:10:00], next run at: 2026-08-15 05:49:21 CST)" executed successfully
2026-08-15 05:49:21,480 [INFO] Running job "check_and_update_summary (trigger: interval[0:10:00], next run at: 2026-08-15 05:59:21 CST)" (scheduled at 2026-08-15 05:49:21.478471+08:00)
2026-08-15 05:49:21,487 [INFO] Summary 未达阈值：新增 12/100（水位线 2781）
2026-08-15 05:49:21,487 [INFO] Job "check_and_update_summary (trigger: interval[0:10:00], next run at: 2026-08-15 05:59:21 CST)" executed successfully
2026-08-15 05:49:21,488 [INFO] Running job "check_and_update_narrative (trigger: interval[0:10:00], next run at: 2026-08-15 05:59:21 CST)" (scheduled at 2026-08-15 05:49:21.478973+08:00)
2026-08-15 05:49:21,491 [INFO] Narrative 未达阈值：新增 6/30（水位线 854）
2026-08-15 05:49:21,491 [INFO] Job "check_and_update_narrative (trigger: interval[0:10:00], next run at: 2026-08-15 05:59:21 CST)" executed successfully
2026-08-15 05:59:21,480 [INFO] Running job "check_and_update_summary (trigger: interval[0:10:00], next run at: 2026-08-15 06:09:21 CST)" (scheduled at 2026-08-15 05:59:21.478471+08:00)
2026-08-15 05:59:21,494 [INFO] Summary 未达阈值：新增 12/100（水位线 2781）
2026-08-15 05:59:21,495 [INFO] Job "check_and_update_summary (trigger: interval[0:10:00], next run at: 2026-08-15 06:09:21 CST)" executed successfully
2026-08-15 05:59:21,495 [INFO] Running job "check_and_update_narrative (trigger: interval[0:10:00], next run at: 2026-08-15 06:09:21 CST)" (scheduled at 2026-08-15 05:59:21.478973+08:00)
2026-08-15 05:59:21,498 [INFO] Narrative 未达阈值：新增 6/30（水位线 854）
2026-08-15 05:59:21,499 [INFO] Job "check_and_update_narrative (trigger: interval[0:10:00], next run at: 2026-08-15 06:09:21 CST)" executed successfully
2026-08-15 06:09:21,480 [INFO] Running job "check_and_update_summary (trigger: interval[0:10:00], next run at: 2026-08-15 06:19:21 CST)" (scheduled at 2026-08-15 06:09:21.478471+08:00)
2026-08-15 06:09:21,494 [INFO] Summary 未达阈值：新增 12/100（水位线 2781）
2026-08-15 06:09:21,495 [INFO] Job "check_and_update_summary (trigger: interval[0:10:00], next run at: 2026-08-15 06:19:21 CST)" executed successfully
2026-08-15 06:09:21,496 [INFO] Running job "check_and_update_narrative (trigger: interval[0:10:00], next run at: 2026-08-15 06:19:21 CST)" (scheduled at 2026-08-15 06:09:21.478973+08:00)
2026-08-15 06:09:21,499 [INFO] Narrative 未达阈值：新增 6/30（水位线 854）
2026-08-15 06:09:21,499 [INFO] Job "check_and_update_narrative (trigger: interval[0:10:00], next run at: 2026-08-15 06:19:21 CST)" executed successfully
2026-08-15 06:19:21,480 [INFO] Running job "check_and_update_summary (trigger: interval[0:10:00], next run at: 2026-08-15 06:29:21 CST)" (scheduled at 2026-08-15 06:19:21.478471+08:00)
2026-08-15 06:19:21,488 [INFO] Summary 未达阈值：新增 12/100（水位线 2781）
2026-08-15 06:19:21,489 [INFO] Job "check_and_update_summary (trigger: interval[0:10:00], next run at: 2026-08-15 06:29:21 CST)" executed successfully
2026-08-15 06:19:21,490 [INFO] Running job "check_and_update_narrative (trigger: interval[0:10:00], next run at: 2026-08-15 06:29:21 CST)" (scheduled at 2026-08-15 06:19:21.478973+08:00)
2026-08-15 06:19:21,492 [INFO] Narrative 未达阈值：新增 6/30（水位线 854）
2026-08-15 06:19:21,492 [INFO] Job "check_and_update_narrative (trigger: interval[0:10:00], next run at: 2026-08-15 06:29:21 CST)" executed successfully
2026-08-15 06:29:21,480 [INFO] Running job "check_and_update_summary (trigger: interval[0:10:00], next run at: 2026-08-15 06:39:21 CST)" (scheduled at 2026-08-15 06:29:21.478471+08:00)
2026-08-15 06:29:21,490 [INFO] Summary 未达阈值：新增 12/100（水位线 2781）
2026-08-15 06:29:21,491 [INFO] Job "check_and_update_summary (trigger: interval[0:10:00], next run at: 2026-08-15 06:39:21 CST)" executed successfully
2026-08-15 06:29:21,491 [INFO] Running job "check_and_update_narrative (trigger: interval[0:10:00], next run at: 2026-08-15 06:39:21 CST)" (scheduled at 2026-08-15 06:29:21.478973+08:00)
2026-08-15 06:29:21,493 [INFO] Narrative 未达阈值：新增 6/30（水位线 854）
2026-08-15 06:29:21,493 [INFO] Job "check_and_update_narrative (trigger: interval[0:10:00], next run at: 2026-08-15 06:39:21 CST)" executed successfully
2026-08-15 06:39:21,480 [INFO] Running job "check_and_update_summary (trigger: interval[0:10:00], next run at: 2026-08-15 06:49:21 CST)" (scheduled at 2026-08-15 06:39:21.478471+08:00)
2026-08-15 06:39:21,491 [INFO] Summary 未达阈值：新增 12/100（水位线 2781）
2026-08-15 06:39:21,491 [INFO] Job "check_and_update_summary (trigger: interval[0:10:00], next run at: 2026-08-15 06:49:21 CST)" executed successfully
2026-08-15 06:39:21,493 [INFO] Running job "check_and_update_narrative (trigger: interval[0:10:00], next run at: 2026-08-15 06:49:21 CST)" (scheduled at 2026-08-15 06:39:21.478973+08:00)
2026-08-15 06:39:21,495 [INFO] Narrative 未达阈值：新增 6/30（水位线 854）
2026-08-15 06:39:21,495 [INFO] Job "check_and_update_narrative (trigger: interval[0:10:00], next run at: 2026-08-15 06:49:21 CST)" executed successfully
2026-08-15 06:49:21,481 [INFO] Running job "check_and_update_summary (trigger: interval[0:10:00], next run at: 2026-08-15 06:59:21 CST)" (scheduled at 2026-08-15 06:49:21.478471+08:00)
2026-08-15 06:49:21,495 [INFO] Summary 未达阈值：新增 12/100（水位线 2781）
2026-08-15 06:49:21,496 [INFO] Job "check_and_update_summary (trigger: interval[0:10:00], next run at: 2026-08-15 06:59:21 CST)" executed successfully
2026-08-15 06:49:21,496 [INFO] Running job "check_and_update_narrative (trigger: interval[0:10:00], next run at: 2026-08-15 06:59:21 CST)" (scheduled at 2026-08-15 06:49:21.478973+08:00)
2026-08-15 06:49:21,499 [INFO] Narrative 未达阈值：新增 6/30（水位线 854）
2026-08-15 06:49:21,499 [INFO] Job "check_and_update_narrative (trigger: interval[0:10:00], next run at: 2026-08-15 06:59:21 CST)" executed successfully
2026-08-15 06:59:21,480 [INFO] Running job "check_and_update_summary (trigger: interval[0:10:00], next run at: 2026-08-15 07:09:21 CST)" (scheduled at 2026-08-15 06:59:21.478471+08:00)
2026-08-15 06:59:21,488 [INFO] Summary 未达阈值：新增 12/100（水位线 2781）
2026-08-15 06:59:21,488 [INFO] Job "check_and_update_summary (trigger: interval[0:10:00], next run at: 2026-08-15 07:09:21 CST)" executed successfully
2026-08-15 06:59:21,489 [INFO] Running job "check_and_update_narrative (trigger: interval[0:10:00], next run at: 2026-08-15 07:09:21 CST)" (scheduled at 2026-08-15 06:59:21.478973+08:00)
2026-08-15 06:59:21,491 [INFO] Narrative 未达阈值：新增 6/30（水位线 854）
2026-08-15 06:59:21,491 [INFO] Job "check_and_update_narrative (trigger: interval[0:10:00], next run at: 2026-08-15 07:09:21 CST)" executed successfully
2026-08-15 07:09:21,481 [INFO] Running job "check_and_update_summary (trigger: interval[0:10:00], next run at: 2026-08-15 07:19:21 CST)" (scheduled at 2026-08-15 07:09:21.478471+08:00)
2026-08-15 07:09:21,497 [INFO] Summary 未达阈值：新增 12/100（水位线 2781）
2026-08-15 07:09:21,497 [INFO] Job "check_and_update_summary (trigger: interval[0:10:00], next run at: 2026-08-15 07:19:21 CST)" executed successfully
2026-08-15 07:09:21,498 [INFO] Running job "check_and_update_narrative (trigger: interval[0:10:00], next run at: 2026-08-15 07:19:21 CST)" (scheduled at 2026-08-15 07:09:21.478973+08:00)
2026-08-15 07:09:21,500 [INFO] Narrative 未达阈值：新增 6/30（水位线 854）
2026-08-15 07:09:21,501 [INFO] Job "check_and_update_narrative (trigger: interval[0:10:00], next run at: 2026-08-15 07:19:21 CST)" executed successfully
2026-08-15 07:19:21,480 [INFO] Running job "check_and_update_summary (trigger: interval[0:10:00], next run at: 2026-08-15 07:29:21 CST)" (scheduled at 2026-08-15 07:19:21.478471+08:00)
2026-08-15 07:19:21,489 [INFO] Summary 未达阈值：新增 12/100（水位线 2781）
2026-08-15 07:19:21,490 [INFO] Job "check_and_update_summary (trigger: interval[0:10:00], next run at: 2026-08-15 07:29:21 CST)" executed successfully
2026-08-15 07:19:21,490 [INFO] Running job "check_and_update_narrative (trigger: interval[0:10:00], next run at: 2026-08-15 07:29:21 CST)" (scheduled at 2026-08-15 07:19:21.478973+08:00)
2026-08-15 07:19:21,492 [INFO] Narrative 未达阈值：新增 6/30（水位线 854）
2026-08-15 07:19:21,492 [INFO] Job "check_and_update_narrative (trigger: interval[0:10:00], next run at: 2026-08-15 07:29:21 CST)" executed successfully
2026-08-15 07:29:21,482 [INFO] Running job "check_and_update_summary (trigger: interval[0:10:00], next run at: 2026-08-15 07:39:21 CST)" (scheduled at 2026-08-15 07:29:21.478471+08:00)
2026-08-15 07:29:21,498 [INFO] Summary 未达阈值：新增 12/100（水位线 2781）
2026-08-15 07:29:21,498 [INFO] Job "check_and_update_summary (trigger: interval[0:10:00], next run at: 2026-08-15 07:39:21 CST)" executed successfully
2026-08-15 07:29:21,499 [INFO] Running job "check_and_update_narrative (trigger: interval[0:10:00], next run at: 2026-08-15 07:39:21 CST)" (scheduled at 2026-08-15 07:29:21.478973+08:00)
2026-08-15 07:29:21,502 [INFO] Narrative 未达阈值：新增 6/30（水位线 854）
2026-08-15 07:29:21,502 [INFO] Job "check_and_update_narrative (trigger: interval[0:10:00], next run at: 2026-08-15 07:39:21 CST)" executed successfully
2026-08-15 07:39:21,481 [INFO] Running job "check_and_update_summary (trigger: interval[0:10:00], next run at: 2026-08-15 07:49:21 CST)" (scheduled at 2026-08-15 07:39:21.478471+08:00)
2026-08-15 07:39:21,492 [INFO] Summary 未达阈值：新增 12/100（水位线 2781）
2026-08-15 07:39:21,493 [INFO] Job "check_and_update_summary (trigger: interval[0:10:00], next run at: 2026-08-15 07:49:21 CST)" executed successfully
2026-08-15 07:39:21,494 [INFO] Running job "check_and_update_narrative (trigger: interval[0:10:00], next run at: 2026-08-15 07:49:21 CST)" (scheduled at 2026-08-15 07:39:21.478973+08:00)
2026-08-15 07:39:21,497 [INFO] Narrative 未达阈值：新增 6/30（水位线 854）
2026-08-15 07:39:21,497 [INFO] Job "check_and_update_narrative (trigger: interval[0:10:00], next run at: 2026-08-15 07:49:21 CST)" executed successfully
2026-08-15 07:49:21,482 [INFO] Running job "check_and_update_summary (trigger: interval[0:10:00], next run at: 2026-08-15 07:59:21 CST)" (scheduled at 2026-08-15 07:49:21.478471+08:00)
2026-08-15 07:49:21,494 [INFO] Summary 未达阈值：新增 12/100（水位线 2781）
2026-08-15 07:49:21,494 [INFO] Job "check_and_update_summary (trigger: interval[0:10:00], next run at: 2026-08-15 07:59:21 CST)" executed successfully
2026-08-15 07:49:21,495 [INFO] Running job "check_and_update_narrative (trigger: interval[0:10:00], next run at: 2026-08-15 07:59:21 CST)" (scheduled at 2026-08-15 07:49:21.478973+08:00)
2026-08-15 07:49:21,497 [INFO] Narrative 未达阈值：新增 6/30（水位线 854）
2026-08-15 07:49:21,497 [INFO] Job "check_and_update_narrative (trigger: interval[0:10:00], next run at: 2026-08-15 07:59:21 CST)" executed successfully
2026-08-15 07:59:21,480 [INFO] Running job "check_and_update_summary (trigger: interval[0:10:00], next run at: 2026-08-15 08:09:21 CST)" (scheduled at 2026-08-15 07:59:21.478471+08:00)
2026-08-15 07:59:21,492 [INFO] Summary 未达阈值：新增 12/100（水位线 2781）
2026-08-15 07:59:21,493 [INFO] Job "check_and_update_summary (trigger: interval[0:10:00], next run at: 2026-08-15 08:09:21 CST)" executed successfully
2026-08-15 07:59:21,494 [INFO] Running job "check_and_update_narrative (trigger: interval[0:10:00], next run at: 2026-08-15 08:09:21 CST)" (scheduled at 2026-08-15 07:59:21.478973+08:00)
2026-08-15 07:59:21,496 [INFO] Narrative 未达阈值：新增 6/30（水位线 854）
2026-08-15 07:59:21,496 [INFO] Job "check_and_update_narrative (trigger: interval[0:10:00], next run at: 2026-08-15 08:09:21 CST)" executed successfully
2026-08-15 08:09:21,481 [INFO] Running job "check_and_update_summary (trigger: interval[0:10:00], next run at: 2026-08-15 08:19:21 CST)" (scheduled at 2026-08-15 08:09:21.478471+08:00)
2026-08-15 08:09:21,492 [INFO] Summary 未达阈值：新增 12/100（水位线 2781）
2026-08-15 08:09:21,492 [INFO] Job "check_and_update_summary (trigger: interval[0:10:00], next run at: 2026-08-15 08:19:21 CST)" executed successfully
2026-08-15 08:09:21,493 [INFO] Running job "check_and_update_narrative (trigger: interval[0:10:00], next run at: 2026-08-15 08:19:21 CST)" (scheduled at 2026-08-15 08:09:21.478973+08:00)
2026-08-15 08:09:21,495 [INFO] Narrative 未达阈值：新增 6/30（水位线 854）
2026-08-15 08:09:21,495 [INFO] Job "check_and_update_narrative (trigger: interval[0:10:00], next run at: 2026-08-15 08:19:21 CST)" executed successfully
2026-08-15 08:19:21,480 [INFO] Running job "check_and_update_summary (trigger: interval[0:10:00], next run at: 2026-08-15 08:29:21 CST)" (scheduled at 2026-08-15 08:19:21.478471+08:00)
2026-08-15 08:19:21,489 [INFO] Summary 未达阈值：新增 12/100（水位线 2781）
2026-08-15 08:19:21,489 [INFO] Job "check_and_update_summary (trigger: interval[0:10:00], next run at: 2026-08-15 08:29:21 CST)" executed successfully
2026-08-15 08:19:21,490 [INFO] Running job "check_and_update_narrative (trigger: interval[0:10:00], next run at: 2026-08-15 08:29:21 CST)" (scheduled at 2026-08-15 08:19:21.478973+08:00)
2026-08-15 08:19:21,491 [INFO] Narrative 未达阈值：新增 6/30（水位线 854）
2026-08-15 08:19:21,492 [INFO] Job "check_and_update_narrative (trigger: interval[0:10:00], next run at: 2026-08-15 08:29:21 CST)" executed successfully
2026-08-15 08:29:21,481 [INFO] Running job "check_and_update_summary (trigger: interval[0:10:00], next run at: 2026-08-15 08:39:21 CST)" (scheduled at 2026-08-15 08:29:21.478471+08:00)
2026-08-15 08:29:21,495 [INFO] Summary 未达阈值：新增 12/100（水位线 2781）
2026-08-15 08:29:21,496 [INFO] Job "check_and_update_summary (trigger: interval[0:10:00], next run at: 2026-08-15 08:39:21 CST)" executed successfully
2026-08-15 08:29:21,496 [INFO] Running job "check_and_update_narrative (trigger: interval[0:10:00], next run at: 2026-08-15 08:39:21 CST)" (scheduled at 2026-08-15 08:29:21.478973+08:00)
2026-08-15 08:29:21,498 [INFO] Narrative 未达阈值：新增 6/30（水位线 854）
2026-08-15 08:29:21,499 [INFO] Job "check_and_update_narrative (trigger: interval[0:10:00], next run at: 2026-08-15 08:39:21 CST)" executed successfully
2026-08-15 08:39:21,482 [INFO] Running job "check_and_update_summary (trigger: interval[0:10:00], next run at: 2026-08-15 08:49:21 CST)" (scheduled at 2026-08-15 08:39:21.478471+08:00)
2026-08-15 08:39:21,493 [INFO] Summary 未达阈值：新增 12/100（水位线 2781）
2026-08-15 08:39:21,494 [INFO] Job "check_and_update_summary (trigger: interval[0:10:00], next run at: 2026-08-15 08:49:21 CST)" executed successfully
2026-08-15 08:39:21,494 [INFO] Running job "check_and_update_narrative (trigger: interval[0:10:00], next run at: 2026-08-15 08:49:21 CST)" (scheduled at 2026-08-15 08:39:21.478973+08:00)
2026-08-15 08:39:21,496 [INFO] Narrative 未达阈值：新增 6/30（水位线 854）
2026-08-15 08:39:21,497 [INFO] Job "check_and_update_narrative (trigger: interval[0:10:00], next run at: 2026-08-15 08:49:21 CST)" executed successfully
2026-08-15 08:49:21,482 [INFO] Running job "check_and_update_summary (trigger: interval[0:10:00], next run at: 2026-08-15 08:59:21 CST)" (scheduled at 2026-08-15 08:49:21.478471+08:00)
2026-08-15 08:49:21,494 [INFO] Summary 未达阈值：新增 12/100（水位线 2781）
2026-08-15 08:49:21,495 [INFO] Job "check_and_update_summary (trigger: interval[0:10:00], next run at: 2026-08-15 08:59:21 CST)" executed successfully
2026-08-15 08:49:21,495 [INFO] Running job "check_and_update_narrative (trigger: interval[0:10:00], next run at: 2026-08-15 08:59:21 CST)" (scheduled at 2026-08-15 08:49:21.478973+08:00)
2026-08-15 08:49:21,498 [INFO] Narrative 未达阈值：新增 6/30（水位线 854）
2026-08-15 08:49:21,498 [INFO] Job "check_and_update_narrative (trigger: interval[0:10:00], next run at: 2026-08-15 08:59:21 CST)" executed successfully
2026-08-15 08:59:21,481 [INFO] Running job "check_and_update_summary (trigger: interval[0:10:00], next run at: 2026-08-15 09:09:21 CST)" (scheduled at 2026-08-15 08:59:21.478471+08:00)
2026-08-15 08:59:21,489 [INFO] Summary 未达阈值：新增 12/100（水位线 2781）
2026-08-15 08:59:21,489 [INFO] Job "check_and_update_summary (trigger: interval[0:10:00], next run at: 2026-08-15 09:09:21 CST)" executed successfully
2026-08-15 08:59:21,490 [INFO] Running job "check_and_update_narrative (trigger: interval[0:10:00], next run at: 2026-08-15 09:09:21 CST)" (scheduled at 2026-08-15 08:59:21.478973+08:00)
2026-08-15 08:59:21,492 [INFO] Narrative 未达阈值：新增 6/30（水位线 854）
2026-08-15 08:59:21,492 [INFO] Job "check_and_update_narrative (trigger: interval[0:10:00], next run at: 2026-08-15 09:09:21 CST)" executed successfully
2026-08-15 09:09:21,480 [INFO] Running job "check_and_update_summary (trigger: interval[0:10:00], next run at: 2026-08-15 09:19:21 CST)" (scheduled at 2026-08-15 09:09:21.478471+08:00)
2026-08-15 09:09:21,491 [INFO] Summary 未达阈值：新增 12/100（水位线 2781）
2026-08-15 09:09:21,492 [INFO] Job "check_and_update_summary (trigger: interval[0:10:00], next run at: 2026-08-15 09:19:21 CST)" executed successfully
2026-08-15 09:09:21,493 [INFO] Running job "check_and_update_narrative (trigger: interval[0:10:00], next run at: 2026-08-15 09:19:21 CST)" (scheduled at 2026-08-15 09:09:21.478973+08:00)
2026-08-15 09:09:21,496 [INFO] Narrative 未达阈值：新增 6/30（水位线 854）
2026-08-15 09:09:21,496 [INFO] Job "check_and_update_narrative (trigger: interval[0:10:00], next run at: 2026-08-15 09:19:21 CST)" executed successfully
2026-08-15 09:19:21,481 [INFO] Running job "check_and_update_summary (trigger: interval[0:10:00], next run at: 2026-08-15 09:29:21 CST)" (scheduled at 2026-08-15 09:19:21.478471+08:00)
2026-08-15 09:19:21,493 [INFO] Summary 未达阈值：新增 12/100（水位线 2781）
2026-08-15 09:19:21,494 [INFO] Job "check_and_update_summary (trigger: interval[0:10:00], next run at: 2026-08-15 09:29:21 CST)" executed successfully
2026-08-15 09:19:21,494 [INFO] Running job "check_and_update_narrative (trigger: interval[0:10:00], next run at: 2026-08-15 09:29:21 CST)" (scheduled at 2026-08-15 09:19:21.478973+08:00)
2026-08-15 09:19:21,497 [INFO] Narrative 未达阈值：新增 6/30（水位线 854）
2026-08-15 09:19:21,497 [INFO] Job "check_and_update_narrative (trigger: interval[0:10:00], next run at: 2026-08-15 09:29:21 CST)" executed successfully
2026-08-15 09:29:21,481 [INFO] Running job "check_and_update_summary (trigger: interval[0:10:00], next run at: 2026-08-15 09:39:21 CST)" (scheduled at 2026-08-15 09:29:21.478471+08:00)
2026-08-15 09:29:21,489 [INFO] Summary 未达阈值：新增 12/100（水位线 2781）
2026-08-15 09:29:21,489 [INFO] Job "check_and_update_summary (trigger: interval[0:10:00], next run at: 2026-08-15 09:39:21 CST)" executed successfully
2026-08-15 09:29:21,490 [INFO] Running job "check_and_update_narrative (trigger: interval[0:10:00], next run at: 2026-08-15 09:39:21 CST)" (scheduled at 2026-08-15 09:29:21.478973+08:00)
2026-08-15 09:29:21,491 [INFO] Narrative 未达阈值：新增 6/30（水位线 854）
2026-08-15 09:29:21,492 [INFO] Job "check_and_update_narrative (trigger: interval[0:10:00], next run at: 2026-08-15 09:39:21 CST)" executed successfully
2026-08-15 09:39:21,482 [INFO] Running job "check_and_update_summary (trigger: interval[0:10:00], next run at: 2026-08-15 09:49:21 CST)" (scheduled at 2026-08-15 09:39:21.478471+08:00)
2026-08-15 09:39:21,495 [INFO] Summary 未达阈值：新增 12/100（水位线 2781）
2026-08-15 09:39:21,495 [INFO] Job "check_and_update_summary (trigger: interval[0:10:00], next run at: 2026-08-15 09:49:21 CST)" executed successfully
2026-08-15 09:39:21,496 [INFO] Running job "check_and_update_narrative (trigger: interval[0:10:00], next run at: 2026-08-15 09:49:21 CST)" (scheduled at 2026-08-15 09:39:21.478973+08:00)
2026-08-15 09:39:21,499 [INFO] Narrative 未达阈值：新增 6/30（水位线 854）
2026-08-15 09:39:21,499 [INFO] Job "check_and_update_narrative (trigger: interval[0:10:00], next run at: 2026-08-15 09:49:21 CST)" executed successfully
2026-08-15 09:49:21,482 [INFO] Running job "check_and_update_summary (trigger: interval[0:10:00], next run at: 2026-08-15 09:59:21 CST)" (scheduled at 2026-08-15 09:49:21.478471+08:00)
2026-08-15 09:49:21,505 [INFO] Summary 未达阈值：新增 12/100（水位线 2781）
2026-08-15 09:49:21,528 [INFO] Job "check_and_update_summary (trigger: interval[0:10:00], next run at: 2026-08-15 09:59:21 CST)" executed successfully
2026-08-15 09:49:21,530 [INFO] Running job "check_and_update_narrative (trigger: interval[0:10:00], next run at: 2026-08-15 09:59:21 CST)" (scheduled at 2026-08-15 09:49:21.478973+08:00)
2026-08-15 09:49:21,533 [INFO] Narrative 未达阈值：新增 6/30（水位线 854）
2026-08-15 09:49:21,533 [INFO] Job "check_and_update_narrative (trigger: interval[0:10:00], next run at: 2026-08-15 09:59:21 CST)" executed successfully
2026-08-15 09:59:21,481 [INFO] Running job "check_and_update_summary (trigger: interval[0:10:00], next run at: 2026-08-15 10:09:21 CST)" (scheduled at 2026-08-15 09:59:21.478471+08:00)
2026-08-15 09:59:21,488 [INFO] Summary 未达阈值：新增 12/100（水位线 2781）
2026-08-15 09:59:21,488 [INFO] Job "check_and_update_summary (trigger: interval[0:10:00], next run at: 2026-08-15 10:09:21 CST)" executed successfully
2026-08-15 09:59:21,489 [INFO] Running job "check_and_update_narrative (trigger: interval[0:10:00], next run at: 2026-08-15 10:09:21 CST)" (scheduled at 2026-08-15 09:59:21.478973+08:00)
2026-08-15 09:59:21,491 [INFO] Narrative 未达阈值：新增 6/30（水位线 854）
2026-08-15 09:59:21,491 [INFO] Job "check_and_update_narrative (trigger: interval[0:10:00], next run at: 2026-08-15 10:09:21 CST)" executed successfully
2026-08-15 10:09:21,481 [INFO] Running job "check_and_update_summary (trigger: interval[0:10:00], next run at: 2026-08-15 10:19:21 CST)" (scheduled at 2026-08-15 10:09:21.478471+08:00)
2026-08-15 10:09:21,492 [INFO] Summary 未达阈值：新增 12/100（水位线 2781）
2026-08-15 10:09:21,493 [INFO] Job "check_and_update_summary (trigger: interval[0:10:00], next run at: 2026-08-15 10:19:21 CST)" executed successfully
2026-08-15 10:09:21,494 [INFO] Running job "check_and_update_narrative (trigger: interval[0:10:00], next run at: 2026-08-15 10:19:21 CST)" (scheduled at 2026-08-15 10:09:21.478973+08:00)
2026-08-15 10:09:21,498 [INFO] Narrative 未达阈值：新增 6/30（水位线 854）
2026-08-15 10:09:21,498 [INFO] Job "check_and_update_narrative (trigger: interval[0:10:00], next run at: 2026-08-15 10:19:21 CST)" executed successfully
2026-08-15 10:19:21,480 [INFO] Running job "check_and_update_summary (trigger: interval[0:10:00], next run at: 2026-08-15 10:29:21 CST)" (scheduled at 2026-08-15 10:19:21.478471+08:00)
2026-08-15 10:19:21,489 [INFO] Summary 未达阈值：新增 12/100（水位线 2781）
2026-08-15 10:19:21,489 [INFO] Job "check_and_update_summary (trigger: interval[0:10:00], next run at: 2026-08-15 10:29:21 CST)" executed successfully
2026-08-15 10:19:21,490 [INFO] Running job "check_and_update_narrative (trigger: interval[0:10:00], next run at: 2026-08-15 10:29:21 CST)" (scheduled at 2026-08-15 10:19:21.478973+08:00)
2026-08-15 10:19:21,492 [INFO] Narrative 未达阈值：新增 6/30（水位线 854）
2026-08-15 10:19:21,492 [INFO] Job "check_and_update_narrative (trigger: interval[0:10:00], next run at: 2026-08-15 10:29:21 CST)" executed successfully
2026-08-15 10:29:21,482 [INFO] Running job "check_and_update_summary (trigger: interval[0:10:00], next run at: 2026-08-15 10:39:21 CST)" (scheduled at 2026-08-15 10:29:21.478471+08:00)
2026-08-15 10:29:21,496 [INFO] Summary 未达阈值：新增 12/100（水位线 2781）
2026-08-15 10:29:21,497 [INFO] Job "check_and_update_summary (trigger: interval[0:10:00], next run at: 2026-08-15 10:39:21 CST)" executed successfully
2026-08-15 10:29:21,497 [INFO] Running job "check_and_update_narrative (trigger: interval[0:10:00], next run at: 2026-08-15 10:39:21 CST)" (scheduled at 2026-08-15 10:29:21.478973+08:00)
2026-08-15 10:29:21,502 [INFO] Narrative 未达阈值：新增 6/30（水位线 854）
2026-08-15 10:29:21,502 [INFO] Job "check_and_update_narrative (trigger: interval[0:10:00], next run at: 2026-08-15 10:39:21 CST)" executed successfully
2026-08-15 10:39:21,481 [INFO] Running job "check_and_update_summary (trigger: interval[0:10:00], next run at: 2026-08-15 10:49:21 CST)" (scheduled at 2026-08-15 10:39:21.478471+08:00)
2026-08-15 10:39:21,490 [INFO] Summary 未达阈值：新增 12/100（水位线 2781）
2026-08-15 10:39:21,490 [INFO] Job "check_and_update_summary (trigger: interval[0:10:00], next run at: 2026-08-15 10:49:21 CST)" executed successfully
2026-08-15 10:39:21,491 [INFO] Running job "check_and_update_narrative (trigger: interval[0:10:00], next run at: 2026-08-15 10:49:21 CST)" (scheduled at 2026-08-15 10:39:21.478973+08:00)
2026-08-15 10:39:21,492 [INFO] Narrative 未达阈值：新增 6/30（水位线 854）
2026-08-15 10:39:21,493 [INFO] Job "check_and_update_narrative (trigger: interval[0:10:00], next run at: 2026-08-15 10:49:21 CST)" executed successfully
2026-08-15 10:49:21,481 [INFO] Running job "check_and_update_summary (trigger: interval[0:10:00], next run at: 2026-08-15 10:59:21 CST)" (scheduled at 2026-08-15 10:49:21.478471+08:00)
2026-08-15 10:49:21,491 [INFO] Summary 未达阈值：新增 12/100（水位线 2781）
2026-08-15 10:49:21,492 [INFO] Job "check_and_update_summary (trigger: interval[0:10:00], next run at: 2026-08-15 10:59:21 CST)" executed successfully
2026-08-15 10:49:21,492 [INFO] Running job "check_and_update_narrative (trigger: interval[0:10:00], next run at: 2026-08-15 10:59:21 CST)" (scheduled at 2026-08-15 10:49:21.478973+08:00)
2026-08-15 10:49:21,494 [INFO] Narrative 未达阈值：新增 6/30（水位线 854）
2026-08-15 10:49:21,494 [INFO] Job "check_and_update_narrative (trigger: interval[0:10:00], next run at: 2026-08-15 10:59:21 CST)" executed successfully
2026-08-15 10:59:21,481 [INFO] Running job "check_and_update_summary (trigger: interval[0:10:00], next run at: 2026-08-15 11:09:21 CST)" (scheduled at 2026-08-15 10:59:21.478471+08:00)
2026-08-15 10:59:21,490 [INFO] Summary 未达阈值：新增 12/100（水位线 2781）
2026-08-15 10:59:21,491 [INFO] Job "check_and_update_summary (trigger: interval[0:10:00], next run at: 2026-08-15 11:09:21 CST)" executed successfully
2026-08-15 10:59:21,492 [INFO] Running job "check_and_update_narrative (trigger: interval[0:10:00], next run at: 2026-08-15 11:09:21 CST)" (scheduled at 2026-08-15 10:59:21.478973+08:00)
2026-08-15 10:59:21,494 [INFO] Narrative 未达阈值：新增 6/30（水位线 854）
2026-08-15 10:59:21,494 [INFO] Job "check_and_update_narrative (trigger: interval[0:10:00], next run at: 2026-08-15 11:09:21 CST)" executed successfully
2026-08-15 11:09:21,481 [INFO] Running job "check_and_update_summary (trigger: interval[0:10:00], next run at: 2026-08-15 11:19:21 CST)" (scheduled at 2026-08-15 11:09:21.478471+08:00)
2026-08-15 11:09:21,494 [INFO] Summary 未达阈值：新增 12/100（水位线 2781）
2026-08-15 11:09:21,495 [INFO] Job "check_and_update_summary (trigger: interval[0:10:00], next run at: 2026-08-15 11:19:21 CST)" executed successfully
2026-08-15 11:09:21,496 [INFO] Running job "check_and_update_narrative (trigger: interval[0:10:00], next run at: 2026-08-15 11:19:21 CST)" (scheduled at 2026-08-15 11:09:21.478973+08:00)
2026-08-15 11:09:21,498 [INFO] Narrative 未达阈值：新增 6/30（水位线 854）
2026-08-15 11:09:21,498 [INFO] Job "check_and_update_narrative (trigger: interval[0:10:00], next run at: 2026-08-15 11:19:21 CST)" executed successfully
2026-08-15 11:19:21,481 [INFO] Running job "check_and_update_summary (trigger: interval[0:10:00], next run at: 2026-08-15 11:29:21 CST)" (scheduled at 2026-08-15 11:19:21.478471+08:00)
2026-08-15 11:19:21,497 [INFO] Summary 未达阈值：新增 12/100（水位线 2781）
2026-08-15 11:19:21,499 [INFO] Job "check_and_update_summary (trigger: interval[0:10:00], next run at: 2026-08-15 11:29:21 CST)" executed successfully
2026-08-15 11:19:21,500 [INFO] Running job "check_and_update_narrative (trigger: interval[0:10:00], next run at: 2026-08-15 11:29:21 CST)" (scheduled at 2026-08-15 11:19:21.478973+08:00)
2026-08-15 11:19:21,505 [INFO] Narrative 未达阈值：新增 6/30（水位线 854）
2026-08-15 11:19:21,505 [INFO] Job "check_and_update_narrative (trigger: interval[0:10:00], next run at: 2026-08-15 11:29:21 CST)" executed successfully
2026-08-15 11:29:21,481 [INFO] Running job "check_and_update_summary (trigger: interval[0:10:00], next run at: 2026-08-15 11:39:21 CST)" (scheduled at 2026-08-15 11:29:21.478471+08:00)
2026-08-15 11:29:21,493 [INFO] Summary 未达阈值：新增 12/100（水位线 2781）
2026-08-15 11:29:21,493 [INFO] Job "check_and_update_summary (trigger: interval[0:10:00], next run at: 2026-08-15 11:39:21 CST)" executed successfully
2026-08-15 11:29:21,494 [INFO] Running job "check_and_update_narrative (trigger: interval[0:10:00], next run at: 2026-08-15 11:39:21 CST)" (scheduled at 2026-08-15 11:29:21.478973+08:00)
2026-08-15 11:29:21,496 [INFO] Narrative 未达阈值：新增 6/30（水位线 854）
2026-08-15 11:29:21,496 [INFO] Job "check_and_update_narrative (trigger: interval[0:10:00], next run at: 2026-08-15 11:39:21 CST)" executed successfully
2026-08-15 11:39:21,482 [INFO] Running job "check_and_update_summary (trigger: interval[0:10:00], next run at: 2026-08-15 11:49:21 CST)" (scheduled at 2026-08-15 11:39:21.478471+08:00)
2026-08-15 11:39:21,495 [INFO] Summary 未达阈值：新增 12/100（水位线 2781）
2026-08-15 11:39:21,496 [INFO] Job "check_and_update_summary (trigger: interval[0:10:00], next run at: 2026-08-15 11:49:21 CST)" executed successfully
2026-08-15 11:39:21,496 [INFO] Running job "check_and_update_narrative (trigger: interval[0:10:00], next run at: 2026-08-15 11:49:21 CST)" (scheduled at 2026-08-15 11:39:21.478973+08:00)
2026-08-15 11:39:21,499 [INFO] Narrative 未达阈值：新增 6/30（水位线 854）
2026-08-15 11:39:21,500 [INFO] Job "check_and_update_narrative (trigger: interval[0:10:00], next run at: 2026-08-15 11:49:21 CST)" executed successfully
2026-08-15 11:49:21,480 [INFO] Running job "check_and_update_summary (trigger: interval[0:10:00], next run at: 2026-08-15 11:59:21 CST)" (scheduled at 2026-08-15 11:49:21.478471+08:00)
2026-08-15 11:49:21,487 [INFO] Summary 未达阈值：新增 12/100（水位线 2781）
2026-08-15 11:49:21,487 [INFO] Job "check_and_update_summary (trigger: interval[0:10:00], next run at: 2026-08-15 11:59:21 CST)" executed successfully
2026-08-15 11:49:21,488 [INFO] Running job "check_and_update_narrative (trigger: interval[0:10:00], next run at: 2026-08-15 11:59:21 CST)" (scheduled at 2026-08-15 11:49:21.478973+08:00)
2026-08-15 11:49:21,490 [INFO] Narrative 未达阈值：新增 6/30（水位线 854）
2026-08-15 11:49:21,490 [INFO] Job "check_and_update_narrative (trigger: interval[0:10:00], next run at: 2026-08-15 11:59:21 CST)" executed successfully
2026-08-15 11:59:21,480 [INFO] Running job "check_and_update_summary (trigger: interval[0:10:00], next run at: 2026-08-15 12:09:21 CST)" (scheduled at 2026-08-15 11:59:21.478471+08:00)
2026-08-15 11:59:21,485 [INFO] Summary 未达阈值：新增 12/100（水位线 2781）
2026-08-15 11:59:21,485 [INFO] Job "check_and_update_summary (trigger: interval[0:10:00], next run at: 2026-08-15 12:09:21 CST)" executed successfully
2026-08-15 11:59:21,486 [INFO] Running job "check_and_update_narrative (trigger: interval[0:10:00], next run at: 2026-08-15 12:09:21 CST)" (scheduled at 2026-08-15 11:59:21.478973+08:00)
2026-08-15 11:59:21,487 [INFO] Narrative 未达阈值：新增 6/30（水位线 854）
2026-08-15 11:59:21,487 [INFO] Job "check_and_update_narrative (trigger: interval[0:10:00], next run at: 2026-08-15 12:09:21 CST)" executed successfully
2026-08-15 12:09:21,482 [INFO] Running job "check_and_update_summary (trigger: interval[0:10:00], next run at: 2026-08-15 12:19:21 CST)" (scheduled at 2026-08-15 12:09:21.478471+08:00)
2026-08-15 12:09:21,493 [INFO] Summary 未达阈值：新增 12/100（水位线 2781）
2026-08-15 12:09:21,494 [INFO] Job "check_and_update_summary (trigger: interval[0:10:00], next run at: 2026-08-15 12:19:21 CST)" executed successfully
2026-08-15 12:09:21,494 [INFO] Running job "check_and_update_narrative (trigger: interval[0:10:00], next run at: 2026-08-15 12:19:21 CST)" (scheduled at 2026-08-15 12:09:21.478973+08:00)
2026-08-15 12:09:21,496 [INFO] Narrative 未达阈值：新增 6/30（水位线 854）
2026-08-15 12:09:21,497 [INFO] Job "check_and_update_narrative (trigger: interval[0:10:00], next run at: 2026-08-15 12:19:21 CST)" executed successfully
2026-08-15 12:19:21,481 [INFO] Running job "check_and_update_summary (trigger: interval[0:10:00], next run at: 2026-08-15 12:29:21 CST)" (scheduled at 2026-08-15 12:19:21.478471+08:00)
2026-08-15 12:19:21,491 [INFO] Summary 未达阈值：新增 12/100（水位线 2781）
2026-08-15 12:19:21,492 [INFO] Job "check_and_update_summary (trigger: interval[0:10:00], next run at: 2026-08-15 12:29:21 CST)" executed successfully
2026-08-15 12:19:21,492 [INFO] Running job "check_and_update_narrative (trigger: interval[0:10:00], next run at: 2026-08-15 12:29:21 CST)" (scheduled at 2026-08-15 12:19:21.478973+08:00)
2026-08-15 12:19:21,495 [INFO] Narrative 未达阈值：新增 6/30（水位线 854）
2026-08-15 12:19:21,495 [INFO] Job "check_and_update_narrative (trigger: interval[0:10:00], next run at: 2026-08-15 12:29:21 CST)" executed successfully
2026-08-15 12:29:21,481 [INFO] Running job "check_and_update_summary (trigger: interval[0:10:00], next run at: 2026-08-15 12:39:21 CST)" (scheduled at 2026-08-15 12:29:21.478471+08:00)
2026-08-15 12:29:21,489 [INFO] Summary 未达阈值：新增 12/100（水位线 2781）
2026-08-15 12:29:21,489 [INFO] Job "check_and_update_summary (trigger: interval[0:10:00], next run at: 2026-08-15 12:39:21 CST)" executed successfully
2026-08-15 12:29:21,490 [INFO] Running job "check_and_update_narrative (trigger: interval[0:10:00], next run at: 2026-08-15 12:39:21 CST)" (scheduled at 2026-08-15 12:29:21.478973+08:00)
2026-08-15 12:29:21,492 [INFO] Narrative 未达阈值：新增 6/30（水位线 854）
2026-08-15 12:29:21,492 [INFO] Job "check_and_update_narrative (trigger: interval[0:10:00], next run at: 2026-08-15 12:39:21 CST)" executed successfully
2026-08-15 12:39:21,482 [INFO] Running job "check_and_update_summary (trigger: interval[0:10:00], next run at: 2026-08-15 12:49:21 CST)" (scheduled at 2026-08-15 12:39:21.478471+08:00)
2026-08-15 12:39:21,493 [INFO] Summary 未达阈值：新增 12/100（水位线 2781）
2026-08-15 12:39:21,493 [INFO] Job "check_and_update_summary (trigger: interval[0:10:00], next run at: 2026-08-15 12:49:21 CST)" executed successfully
2026-08-15 12:39:21,494 [INFO] Running job "check_and_update_narrative (trigger: interval[0:10:00], next run at: 2026-08-15 12:49:21 CST)" (scheduled at 2026-08-15 12:39:21.478973+08:00)
2026-08-15 12:39:21,496 [INFO] Narrative 未达阈值：新增 6/30（水位线 854）
2026-08-15 12:39:21,496 [INFO] Job "check_and_update_narrative (trigger: interval[0:10:00], next run at: 2026-08-15 12:49:21 CST)" executed successfully
2026-08-15 12:49:21,481 [INFO] Running job "check_and_update_summary (trigger: interval[0:10:00], next run at: 2026-08-15 12:59:21 CST)" (scheduled at 2026-08-15 12:49:21.478471+08:00)
2026-08-15 12:49:21,493 [INFO] Summary 未达阈值：新增 12/100（水位线 2781）
2026-08-15 12:49:21,494 [INFO] Job "check_and_update_summary (trigger: interval[0:10:00], next run at: 2026-08-15 12:59:21 CST)" executed successfully
2026-08-15 12:49:21,495 [INFO] Running job "check_and_update_narrative (trigger: interval[0:10:00], next run at: 2026-08-15 12:59:21 CST)" (scheduled at 2026-08-15 12:49:21.478973+08:00)
2026-08-15 12:49:21,497 [INFO] Narrative 未达阈值：新增 6/30（水位线 854）
2026-08-15 12:49:21,498 [INFO] Job "check_and_update_narrative (trigger: interval[0:10:00], next run at: 2026-08-15 12:59:21 CST)" executed successfully
2026-08-15 12:59:21,481 [INFO] Running job "check_and_update_summary (trigger: interval[0:10:00], next run at: 2026-08-15 13:09:21 CST)" (scheduled at 2026-08-15 12:59:21.478471+08:00)
2026-08-15 12:59:21,490 [INFO] Summary 未达阈值：新增 12/100（水位线 2781）
2026-08-15 12:59:21,490 [INFO] Job "check_and_update_summary (trigger: interval[0:10:00], next run at: 2026-08-15 13:09:21 CST)" executed successfully
2026-08-15 12:59:21,491 [INFO] Running job "check_and_update_narrative (trigger: interval[0:10:00], next run at: 2026-08-15 13:09:21 CST)" (scheduled at 2026-08-15 12:59:21.478973+08:00)
2026-08-15 12:59:21,494 [INFO] Narrative 未达阈值：新增 6/30（水位线 854）
2026-08-15 12:59:21,494 [INFO] Job "check_and_update_narrative (trigger: interval[0:10:00], next run at: 2026-08-15 13:09:21 CST)" executed successfully
2026-08-15 13:09:21,480 [INFO] Running job "check_and_update_summary (trigger: interval[0:10:00], next run at: 2026-08-15 13:19:21 CST)" (scheduled at 2026-08-15 13:09:21.478471+08:00)
2026-08-15 13:09:21,488 [INFO] Summary 未达阈值：新增 12/100（水位线 2781）
2026-08-15 13:09:21,488 [INFO] Job "check_and_update_summary (trigger: interval[0:10:00], next run at: 2026-08-15 13:19:21 CST)" executed successfully
2026-08-15 13:09:21,489 [INFO] Running job "check_and_update_narrative (trigger: interval[0:10:00], next run at: 2026-08-15 13:19:21 CST)" (scheduled at 2026-08-15 13:09:21.478973+08:00)
2026-08-15 13:09:21,492 [INFO] Narrative 未达阈值：新增 6/30（水位线 854）
2026-08-15 13:09:21,492 [INFO] Job "check_and_update_narrative (trigger: interval[0:10:00], next run at: 2026-08-15 13:19:21 CST)" executed successfully
2026-08-15 13:19:21,482 [INFO] Running job "check_and_update_summary (trigger: interval[0:10:00], next run at: 2026-08-15 13:29:21 CST)" (scheduled at 2026-08-15 13:19:21.478471+08:00)
2026-08-15 13:19:21,503 [INFO] Summary 未达阈值：新增 12/100（水位线 2781）
2026-08-15 13:19:21,519 [INFO] Job "check_and_update_summary (trigger: interval[0:10:00], next run at: 2026-08-15 13:29:21 CST)" executed successfully
2026-08-15 13:19:21,519 [INFO] Running job "check_and_update_narrative (trigger: interval[0:10:00], next run at: 2026-08-15 13:29:21 CST)" (scheduled at 2026-08-15 13:19:21.478973+08:00)
2026-08-15 13:19:21,522 [INFO] Narrative 未达阈值：新增 6/30（水位线 854）
2026-08-15 13:19:21,523 [INFO] Job "check_and_update_narrative (trigger: interval[0:10:00], next run at: 2026-08-15 13:29:21 CST)" executed successfully
2026-08-15 13:29:21,480 [INFO] Running job "check_and_update_summary (trigger: interval[0:10:00], next run at: 2026-08-15 13:39:21 CST)" (scheduled at 2026-08-15 13:29:21.478471+08:00)
2026-08-15 13:29:21,492 [INFO] Summary 未达阈值：新增 12/100（水位线 2781）
2026-08-15 13:29:21,493 [INFO] Job "check_and_update_summary (trigger: interval[0:10:00], next run at: 2026-08-15 13:39:21 CST)" executed successfully
2026-08-15 13:29:21,494 [INFO] Running job "check_and_update_narrative (trigger: interval[0:10:00], next run at: 2026-08-15 13:39:21 CST)" (scheduled at 2026-08-15 13:29:21.478973+08:00)
2026-08-15 13:29:21,497 [INFO] Narrative 未达阈值：新增 6/30（水位线 854）
2026-08-15 13:29:21,497 [INFO] Job "check_and_update_narrative (trigger: interval[0:10:00], next run at: 2026-08-15 13:39:21 CST)" executed successfully
2026-08-15 13:39:21,480 [INFO] Running job "check_and_update_summary (trigger: interval[0:10:00], next run at: 2026-08-15 13:49:21 CST)" (scheduled at 2026-08-15 13:39:21.478471+08:00)
2026-08-15 13:39:21,489 [INFO] Summary 未达阈值：新增 12/100（水位线 2781）
2026-08-15 13:39:21,490 [INFO] Job "check_and_update_summary (trigger: interval[0:10:00], next run at: 2026-08-15 13:49:21 CST)" executed successfully
2026-08-15 13:39:21,491 [INFO] Running job "check_and_update_narrative (trigger: interval[0:10:00], next run at: 2026-08-15 13:49:21 CST)" (scheduled at 2026-08-15 13:39:21.478973+08:00)
2026-08-15 13:39:21,493 [INFO] Narrative 未达阈值：新增 6/30（水位线 854）
2026-08-15 13:39:21,493 [INFO] Job "check_and_update_narrative (trigger: interval[0:10:00], next run at: 2026-08-15 13:49:21 CST)" executed successfully
2026-08-15 13:49:21,480 [INFO] Running job "check_and_update_summary (trigger: interval[0:10:00], next run at: 2026-08-15 13:59:21 CST)" (scheduled at 2026-08-15 13:49:21.478471+08:00)
2026-08-15 13:49:21,492 [INFO] Summary 未达阈值：新增 12/100（水位线 2781）
2026-08-15 13:49:21,492 [INFO] Job "check_and_update_summary (trigger: interval[0:10:00], next run at: 2026-08-15 13:59:21 CST)" executed successfully
2026-08-15 13:49:21,494 [INFO] Running job "check_and_update_narrative (trigger: interval[0:10:00], next run at: 2026-08-15 13:59:21 CST)" (scheduled at 2026-08-15 13:49:21.478973+08:00)
2026-08-15 13:49:21,496 [INFO] Narrative 未达阈值：新增 6/30（水位线 854）
2026-08-15 13:49:21,496 [INFO] Job "check_and_update_narrative (trigger: interval[0:10:00], next run at: 2026-08-15 13:59:21 CST)" executed successfully
2026-08-15 13:59:21,481 [INFO] Running job "check_and_update_summary (trigger: interval[0:10:00], next run at: 2026-08-15 14:09:21 CST)" (scheduled at 2026-08-15 13:59:21.478471+08:00)
2026-08-15 13:59:21,494 [INFO] Summary 未达阈值：新增 12/100（水位线 2781）
2026-08-15 13:59:21,494 [INFO] Job "check_and_update_summary (trigger: interval[0:10:00], next run at: 2026-08-15 14:09:21 CST)" executed successfully
2026-08-15 13:59:21,495 [INFO] Running job "check_and_update_narrative (trigger: interval[0:10:00], next run at: 2026-08-15 14:09:21 CST)" (scheduled at 2026-08-15 13:59:21.478973+08:00)
2026-08-15 13:59:21,497 [INFO] Narrative 未达阈值：新增 6/30（水位线 854）
2026-08-15 13:59:21,497 [INFO] Job "check_and_update_narrative (trigger: interval[0:10:00], next run at: 2026-08-15 14:09:21 CST)" executed successfully
2026-08-15 14:09:21,482 [INFO] Running job "check_and_update_summary (trigger: interval[0:10:00], next run at: 2026-08-15 14:19:21 CST)" (scheduled at 2026-08-15 14:09:21.478471+08:00)
2026-08-15 14:09:21,494 [INFO] Summary 未达阈值：新增 12/100（水位线 2781）
2026-08-15 14:09:21,495 [INFO] Job "check_and_update_summary (trigger: interval[0:10:00], next run at: 2026-08-15 14:19:21 CST)" executed successfully
2026-08-15 14:09:21,496 [INFO] Running job "check_and_update_narrative (trigger: interval[0:10:00], next run at: 2026-08-15 14:19:21 CST)" (scheduled at 2026-08-15 14:09:21.478973+08:00)
2026-08-15 14:09:21,497 [INFO] Narrative 未达阈值：新增 6/30（水位线 854）
2026-08-15 14:09:21,498 [INFO] Job "check_and_update_narrative (trigger: interval[0:10:00], next run at: 2026-08-15 14:19:21 CST)" executed successfully
2026-08-15 14:19:21,481 [INFO] Running job "check_and_update_summary (trigger: interval[0:10:00], next run at: 2026-08-15 14:29:21 CST)" (scheduled at 2026-08-15 14:19:21.478471+08:00)
2026-08-15 14:19:21,495 [INFO] Summary 未达阈值：新增 12/100（水位线 2781）
2026-08-15 14:19:21,496 [INFO] Job "check_and_update_summary (trigger: interval[0:10:00], next run at: 2026-08-15 14:29:21 CST)" executed successfully
2026-08-15 14:19:21,496 [INFO] Running job "check_and_update_narrative (trigger: interval[0:10:00], next run at: 2026-08-15 14:29:21 CST)" (scheduled at 2026-08-15 14:19:21.478973+08:00)
2026-08-15 14:19:21,498 [INFO] Narrative 未达阈值：新增 6/30（水位线 854）
2026-08-15 14:19:21,499 [INFO] Job "check_and_update_narrative (trigger: interval[0:10:00], next run at: 2026-08-15 14:29:21 CST)" executed successfully
2026-08-15 14:29:21,481 [INFO] Running job "check_and_update_summary (trigger: interval[0:10:00], next run at: 2026-08-15 14:39:21 CST)" (scheduled at 2026-08-15 14:29:21.478471+08:00)
2026-08-15 14:29:21,491 [INFO] Summary 未达阈值：新增 12/100（水位线 2781）
2026-08-15 14:29:21,492 [INFO] Job "check_and_update_summary (trigger: interval[0:10:00], next run at: 2026-08-15 14:39:21 CST)" executed successfully
2026-08-15 14:29:21,492 [INFO] Running job "check_and_update_narrative (trigger: interval[0:10:00], next run at: 2026-08-15 14:39:21 CST)" (scheduled at 2026-08-15 14:29:21.478973+08:00)
2026-08-15 14:29:21,494 [INFO] Narrative 未达阈值：新增 6/30（水位线 854）
2026-08-15 14:29:21,495 [INFO] Job "check_and_update_narrative (trigger: interval[0:10:00], next run at: 2026-08-15 14:39:21 CST)" executed successfully
2026-08-15 14:39:21,481 [INFO] Running job "check_and_update_summary (trigger: interval[0:10:00], next run at: 2026-08-15 14:49:21 CST)" (scheduled at 2026-08-15 14:39:21.478471+08:00)
2026-08-15 14:39:21,490 [INFO] Summary 未达阈值：新增 12/100（水位线 2781）
2026-08-15 14:39:21,491 [INFO] Job "check_and_update_summary (trigger: interval[0:10:00], next run at: 2026-08-15 14:49:21 CST)" executed successfully
2026-08-15 14:39:21,491 [INFO] Running job "check_and_update_narrative (trigger: interval[0:10:00], next run at: 2026-08-15 14:49:21 CST)" (scheduled at 2026-08-15 14:39:21.478973+08:00)
2026-08-15 14:39:21,493 [INFO] Narrative 未达阈值：新增 6/30（水位线 854）
2026-08-15 14:39:21,493 [INFO] Job "check_and_update_narrative (trigger: interval[0:10:00], next run at: 2026-08-15 14:49:21 CST)" executed successfully
2026-08-15 14:49:21,481 [INFO] Running job "check_and_update_summary (trigger: interval[0:10:00], next run at: 2026-08-15 14:59:21 CST)" (scheduled at 2026-08-15 14:49:21.478471+08:00)
2026-08-15 14:49:21,493 [INFO] Summary 未达阈值：新增 12/100（水位线 2781）
2026-08-15 14:49:21,494 [INFO] Job "check_and_update_summary (trigger: interval[0:10:00], next run at: 2026-08-15 14:59:21 CST)" executed successfully
2026-08-15 14:49:21,495 [INFO] Running job "check_and_update_narrative (trigger: interval[0:10:00], next run at: 2026-08-15 14:59:21 CST)" (scheduled at 2026-08-15 14:49:21.478973+08:00)
2026-08-15 14:49:21,498 [INFO] Narrative 未达阈值：新增 6/30（水位线 854）
2026-08-15 14:49:21,498 [INFO] Job "check_and_update_narrative (trigger: interval[0:10:00], next run at: 2026-08-15 14:59:21 CST)" executed successfully
2026-08-15 14:59:21,481 [INFO] Running job "check_and_update_summary (trigger: interval[0:10:00], next run at: 2026-08-15 15:09:21 CST)" (scheduled at 2026-08-15 14:59:21.478471+08:00)
2026-08-15 14:59:21,492 [INFO] Summary 未达阈值：新增 12/100（水位线 2781）
2026-08-15 14:59:21,492 [INFO] Job "check_and_update_summary (trigger: interval[0:10:00], next run at: 2026-08-15 15:09:21 CST)" executed successfully
2026-08-15 14:59:21,492 [INFO] Running job "check_and_update_narrative (trigger: interval[0:10:00], next run at: 2026-08-15 15:09:21 CST)" (scheduled at 2026-08-15 14:59:21.478973+08:00)
2026-08-15 14:59:21,494 [INFO] Narrative 未达阈值：新增 6/30（水位线 854）
2026-08-15 14:59:21,495 [INFO] Job "check_and_update_narrative (trigger: interval[0:10:00], next run at: 2026-08-15 15:09:21 CST)" executed successfully
2026-08-15 15:09:21,482 [INFO] Running job "check_and_update_summary (trigger: interval[0:10:00], next run at: 2026-08-15 15:19:21 CST)" (scheduled at 2026-08-15 15:09:21.478471+08:00)
2026-08-15 15:09:21,495 [INFO] Summary 未达阈值：新增 12/100（水位线 2781）
2026-08-15 15:09:21,496 [INFO] Job "check_and_update_summary (trigger: interval[0:10:00], next run at: 2026-08-15 15:19:21 CST)" executed successfully
2026-08-15 15:09:21,496 [INFO] Running job "check_and_update_narrative (trigger: interval[0:10:00], next run at: 2026-08-15 15:19:21 CST)" (scheduled at 2026-08-15 15:09:21.478973+08:00)
2026-08-15 15:09:21,499 [INFO] Narrative 未达阈值：新增 6/30（水位线 854）
2026-08-15 15:09:21,499 [INFO] Job "check_and_update_narrative (trigger: interval[0:10:00], next run at: 2026-08-15 15:19:21 CST)" executed successfully
2026-08-15 15:19:21,481 [INFO] Running job "check_and_update_summary (trigger: interval[0:10:00], next run at: 2026-08-15 15:29:21 CST)" (scheduled at 2026-08-15 15:19:21.478471+08:00)
2026-08-15 15:19:21,489 [INFO] Summary 未达阈值：新增 12/100（水位线 2781）
2026-08-15 15:19:21,489 [INFO] Job "check_and_update_summary (trigger: interval[0:10:00], next run at: 2026-08-15 15:29:21 CST)" executed successfully
2026-08-15 15:19:21,490 [INFO] Running job "check_and_update_narrative (trigger: interval[0:10:00], next run at: 2026-08-15 15:29:21 CST)" (scheduled at 2026-08-15 15:19:21.478973+08:00)
2026-08-15 15:19:21,492 [INFO] Narrative 未达阈值：新增 6/30（水位线 854）
2026-08-15 15:19:21,492 [INFO] Job "check_and_update_narrative (trigger: interval[0:10:00], next run at: 2026-08-15 15:29:21 CST)" executed successfully
2026-08-15 15:29:21,481 [INFO] Running job "check_and_update_summary (trigger: interval[0:10:00], next run at: 2026-08-15 15:39:21 CST)" (scheduled at 2026-08-15 15:29:21.478471+08:00)
2026-08-15 15:29:21,492 [INFO] Summary 未达阈值：新增 12/100（水位线 2781）
2026-08-15 15:29:21,493 [INFO] Job "check_and_update_summary (trigger: interval[0:10:00], next run at: 2026-08-15 15:39:21 CST)" executed successfully
2026-08-15 15:29:21,494 [INFO] Running job "check_and_update_narrative (trigger: interval[0:10:00], next run at: 2026-08-15 15:39:21 CST)" (scheduled at 2026-08-15 15:29:21.478973+08:00)
2026-08-15 15:29:21,496 [INFO] Narrative 未达阈值：新增 6/30（水位线 854）
2026-08-15 15:29:21,496 [INFO] Job "check_and_update_narrative (trigger: interval[0:10:00], next run at: 2026-08-15 15:39:21 CST)" executed successfully
2026-08-15 15:39:21,481 [INFO] Running job "check_and_update_summary (trigger: interval[0:10:00], next run at: 2026-08-15 15:49:21 CST)" (scheduled at 2026-08-15 15:39:21.478471+08:00)
2026-08-15 15:39:21,494 [INFO] Summary 未达阈值：新增 12/100（水位线 2781）
2026-08-15 15:39:21,494 [INFO] Job "check_and_update_summary (trigger: interval[0:10:00], next run at: 2026-08-15 15:49:21 CST)" executed successfully
2026-08-15 15:39:21,495 [INFO] Running job "check_and_update_narrative (trigger: interval[0:10:00], next run at: 2026-08-15 15:49:21 CST)" (scheduled at 2026-08-15 15:39:21.478973+08:00)
2026-08-15 15:39:21,498 [INFO] Narrative 未达阈值：新增 6/30（水位线 854）
2026-08-15 15:39:21,498 [INFO] Job "check_and_update_narrative (trigger: interval[0:10:00], next run at: 2026-08-15 15:49:21 CST)" executed successfully
2026-08-15 15:49:21,480 [INFO] Running job "check_and_update_summary (trigger: interval[0:10:00], next run at: 2026-08-15 15:59:21 CST)" (scheduled at 2026-08-15 15:49:21.478471+08:00)
2026-08-15 15:49:21,488 [INFO] Summary 未达阈值：新增 12/100（水位线 2781）
2026-08-15 15:49:21,489 [INFO] Job "check_and_update_summary (trigger: interval[0:10:00], next run at: 2026-08-15 15:59:21 CST)" executed successfully
2026-08-15 15:49:21,490 [INFO] Running job "check_and_update_narrative (trigger: interval[0:10:00], next run at: 2026-08-15 15:59:21 CST)" (scheduled at 2026-08-15 15:49:21.478973+08:00)
2026-08-15 15:49:21,491 [INFO] Narrative 未达阈值：新增 6/30（水位线 854）
2026-08-15 15:49:21,492 [INFO] Job "check_and_update_narrative (trigger: interval[0:10:00], next run at: 2026-08-15 15:59:21 CST)" executed successfully
2026-08-15 15:59:21,480 [INFO] Running job "check_and_update_summary (trigger: interval[0:10:00], next run at: 2026-08-15 16:09:21 CST)" (scheduled at 2026-08-15 15:59:21.478471+08:00)
2026-08-15 15:59:21,489 [INFO] Summary 未达阈值：新增 12/100（水位线 2781）
2026-08-15 15:59:21,489 [INFO] Job "check_and_update_summary (trigger: interval[0:10:00], next run at: 2026-08-15 16:09:21 CST)" executed successfully
2026-08-15 15:59:21,490 [INFO] Running job "check_and_update_narrative (trigger: interval[0:10:00], next run at: 2026-08-15 16:09:21 CST)" (scheduled at 2026-08-15 15:59:21.478973+08:00)
2026-08-15 15:59:21,492 [INFO] Narrative 未达阈值：新增 6/30（水位线 854）
2026-08-15 15:59:21,492 [INFO] Job "check_and_update_narrative (trigger: interval[0:10:00], next run at: 2026-08-15 16:09:21 CST)" executed successfully
2026-08-15 16:09:21,481 [INFO] Running job "check_and_update_summary (trigger: interval[0:10:00], next run at: 2026-08-15 16:19:21 CST)" (scheduled at 2026-08-15 16:09:21.478471+08:00)
2026-08-15 16:09:21,487 [INFO] Summary 未达阈值：新增 12/100（水位线 2781）
2026-08-15 16:09:21,487 [INFO] Job "check_and_update_summary (trigger: interval[0:10:00], next run at: 2026-08-15 16:19:21 CST)" executed successfully
2026-08-15 16:09:21,487 [INFO] Running job "check_and_update_narrative (trigger: interval[0:10:00], next run at: 2026-08-15 16:19:21 CST)" (scheduled at 2026-08-15 16:09:21.478973+08:00)
2026-08-15 16:09:21,489 [INFO] Narrative 未达阈值：新增 6/30（水位线 854）
2026-08-15 16:09:21,489 [INFO] Job "check_and_update_narrative (trigger: interval[0:10:00], next run at: 2026-08-15 16:19:21 CST)" executed successfully
2026-08-15 16:19:21,480 [INFO] Running job "check_and_update_summary (trigger: interval[0:10:00], next run at: 2026-08-15 16:29:21 CST)" (scheduled at 2026-08-15 16:19:21.478471+08:00)
2026-08-15 16:19:21,489 [INFO] Summary 未达阈值：新增 12/100（水位线 2781）
2026-08-15 16:19:21,489 [INFO] Job "check_and_update_summary (trigger: interval[0:10:00], next run at: 2026-08-15 16:29:21 CST)" executed successfully
2026-08-15 16:19:21,490 [INFO] Running job "check_and_update_narrative (trigger: interval[0:10:00], next run at: 2026-08-15 16:29:21 CST)" (scheduled at 2026-08-15 16:19:21.478973+08:00)
2026-08-15 16:19:21,492 [INFO] Narrative 未达阈值：新增 6/30（水位线 854）
2026-08-15 16:19:21,493 [INFO] Job "check_and_update_narrative (trigger: interval[0:10:00], next run at: 2026-08-15 16:29:21 CST)" executed successfully
2026-08-15 16:29:21,482 [INFO] Running job "check_and_update_summary (trigger: interval[0:10:00], next run at: 2026-08-15 16:39:21 CST)" (scheduled at 2026-08-15 16:29:21.478471+08:00)
2026-08-15 16:29:21,493 [INFO] Summary 未达阈值：新增 12/100（水位线 2781）
2026-08-15 16:29:21,494 [INFO] Job "check_and_update_summary (trigger: interval[0:10:00], next run at: 2026-08-15 16:39:21 CST)" executed successfully
2026-08-15 16:29:21,494 [INFO] Running job "check_and_update_narrative (trigger: interval[0:10:00], next run at: 2026-08-15 16:39:21 CST)" (scheduled at 2026-08-15 16:29:21.478973+08:00)
2026-08-15 16:29:21,497 [INFO] Narrative 未达阈值：新增 6/30（水位线 854）
2026-08-15 16:29:21,497 [INFO] Job "check_and_update_narrative (trigger: interval[0:10:00], next run at: 2026-08-15 16:39:21 CST)" executed successfully
2026-08-15 16:39:21,480 [INFO] Running job "check_and_update_summary (trigger: interval[0:10:00], next run at: 2026-08-15 16:49:21 CST)" (scheduled at 2026-08-15 16:39:21.478471+08:00)
2026-08-15 16:39:21,490 [INFO] Summary 未达阈值：新增 12/100（水位线 2781）
2026-08-15 16:39:21,491 [INFO] Job "check_and_update_summary (trigger: interval[0:10:00], next run at: 2026-08-15 16:49:21 CST)" executed successfully
2026-08-15 16:39:21,492 [INFO] Running job "check_and_update_narrative (trigger: interval[0:10:00], next run at: 2026-08-15 16:49:21 CST)" (scheduled at 2026-08-15 16:39:21.478973+08:00)
2026-08-15 16:39:21,494 [INFO] Narrative 未达阈值：新增 6/30（水位线 854）
2026-08-15 16:39:21,494 [INFO] Job "check_and_update_narrative (trigger: interval[0:10:00], next run at: 2026-08-15 16:49:21 CST)" executed successfully
2026-08-15 16:49:21,480 [INFO] Running job "check_and_update_summary (trigger: interval[0:10:00], next run at: 2026-08-15 16:59:21 CST)" (scheduled at 2026-08-15 16:49:21.478471+08:00)
2026-08-15 16:49:21,487 [INFO] Summary 未达阈值：新增 12/100（水位线 2781）
2026-08-15 16:49:21,487 [INFO] Job "check_and_update_summary (trigger: interval[0:10:00], next run at: 2026-08-15 16:59:21 CST)" executed successfully
2026-08-15 16:49:21,488 [INFO] Running job "check_and_update_narrative (trigger: interval[0:10:00], next run at: 2026-08-15 16:59:21 CST)" (scheduled at 2026-08-15 16:49:21.478973+08:00)
2026-08-15 16:49:21,490 [INFO] Narrative 未达阈值：新增 6/30（水位线 854）
2026-08-15 16:49:21,490 [INFO] Job "check_and_update_narrative (trigger: interval[0:10:00], next run at: 2026-08-15 16:59:21 CST)" executed successfully
2026-08-15 16:59:21,480 [INFO] Running job "check_and_update_summary (trigger: interval[0:10:00], next run at: 2026-08-15 17:09:21 CST)" (scheduled at 2026-08-15 16:59:21.478471+08:00)
2026-08-15 16:59:21,487 [INFO] Summary 未达阈值：新增 12/100（水位线 2781）
2026-08-15 16:59:21,487 [INFO] Job "check_and_update_summary (trigger: interval[0:10:00], next run at: 2026-08-15 17:09:21 CST)" executed successfully
2026-08-15 16:59:21,488 [INFO] Running job "check_and_update_narrative (trigger: interval[0:10:00], next run at: 2026-08-15 17:09:21 CST)" (scheduled at 2026-08-15 16:59:21.478973+08:00)
2026-08-15 16:59:21,490 [INFO] Narrative 未达阈值：新增 6/30（水位线 854）
2026-08-15 16:59:21,490 [INFO] Job "check_and_update_narrative (trigger: interval[0:10:00], next run at: 2026-08-15 17:09:21 CST)" executed successfully
2026-08-15 17:09:21,482 [INFO] Running job "check_and_update_summary (trigger: interval[0:10:00], next run at: 2026-08-15 17:19:21 CST)" (scheduled at 2026-08-15 17:09:21.478471+08:00)
2026-08-15 17:09:21,496 [INFO] Summary 未达阈值：新增 12/100（水位线 2781）
2026-08-15 17:09:21,496 [INFO] Job "check_and_update_summary (trigger: interval[0:10:00], next run at: 2026-08-15 17:19:21 CST)" executed successfully
2026-08-15 17:09:21,497 [INFO] Running job "check_and_update_narrative (trigger: interval[0:10:00], next run at: 2026-08-15 17:19:21 CST)" (scheduled at 2026-08-15 17:09:21.478973+08:00)
2026-08-15 17:09:21,499 [INFO] Narrative 未达阈值：新增 6/30（水位线 854）
2026-08-15 17:09:21,500 [INFO] Job "check_and_update_narrative (trigger: interval[0:10:00], next run at: 2026-08-15 17:19:21 CST)" executed successfully
2026-08-15 17:19:21,481 [INFO] Running job "check_and_update_summary (trigger: interval[0:10:00], next run at: 2026-08-15 17:29:21 CST)" (scheduled at 2026-08-15 17:19:21.478471+08:00)
2026-08-15 17:19:21,494 [INFO] Summary 未达阈值：新增 12/100（水位线 2781）
2026-08-15 17:19:21,495 [INFO] Job "check_and_update_summary (trigger: interval[0:10:00], next run at: 2026-08-15 17:29:21 CST)" executed successfully
2026-08-15 17:19:21,495 [INFO] Running job "check_and_update_narrative (trigger: interval[0:10:00], next run at: 2026-08-15 17:29:21 CST)" (scheduled at 2026-08-15 17:19:21.478973+08:00)
2026-08-15 17:19:21,497 [INFO] Narrative 未达阈值：新增 6/30（水位线 854）
2026-08-15 17:19:21,498 [INFO] Job "check_and_update_narrative (trigger: interval[0:10:00], next run at: 2026-08-15 17:29:21 CST)" executed successfully
2026-08-15 17:29:21,480 [INFO] Running job "check_and_update_summary (trigger: interval[0:10:00], next run at: 2026-08-15 17:39:21 CST)" (scheduled at 2026-08-15 17:29:21.478471+08:00)
2026-08-15 17:29:21,489 [INFO] Summary 未达阈值：新增 12/100（水位线 2781）
2026-08-15 17:29:21,489 [INFO] Job "check_and_update_summary (trigger: interval[0:10:00], next run at: 2026-08-15 17:39:21 CST)" executed successfully
2026-08-15 17:29:21,490 [INFO] Running job "check_and_update_narrative (trigger: interval[0:10:00], next run at: 2026-08-15 17:39:21 CST)" (scheduled at 2026-08-15 17:29:21.478973+08:00)
2026-08-15 17:29:21,492 [INFO] Narrative 未达阈值：新增 6/30（水位线 854）
2026-08-15 17:29:21,492 [INFO] Job "check_and_update_narrative (trigger: interval[0:10:00], next run at: 2026-08-15 17:39:21 CST)" executed successfully
2026-08-15 17:39:21,480 [INFO] Running job "check_and_update_summary (trigger: interval[0:10:00], next run at: 2026-08-15 17:49:21 CST)" (scheduled at 2026-08-15 17:39:21.478471+08:00)
2026-08-15 17:39:21,489 [INFO] Summary 未达阈值：新增 12/100（水位线 2781）
2026-08-15 17:39:21,489 [INFO] Job "check_and_update_summary (trigger: interval[0:10:00], next run at: 2026-08-15 17:49:21 CST)" executed successfully
2026-08-15 17:39:21,490 [INFO] Running job "check_and_update_narrative (trigger: interval[0:10:00], next run at: 2026-08-15 17:49:21 CST)" (scheduled at 2026-08-15 17:39:21.478973+08:00)
2026-08-15 17:39:21,492 [INFO] Narrative 未达阈值：新增 6/30（水位线 854）
2026-08-15 17:39:21,493 [INFO] Job "check_and_update_narrative (trigger: interval[0:10:00], next run at: 2026-08-15 17:49:21 CST)" executed successfully
2026-08-15 17:49:21,481 [INFO] Running job "check_and_update_summary (trigger: interval[0:10:00], next run at: 2026-08-15 17:59:21 CST)" (scheduled at 2026-08-15 17:49:21.478471+08:00)
2026-08-15 17:49:21,492 [INFO] Summary 未达阈值：新增 12/100（水位线 2781）
2026-08-15 17:49:21,493 [INFO] Job "check_and_update_summary (trigger: interval[0:10:00], next run at: 2026-08-15 17:59:21 CST)" executed successfully
2026-08-15 17:49:21,494 [INFO] Running job "check_and_update_narrative (trigger: interval[0:10:00], next run at: 2026-08-15 17:59:21 CST)" (scheduled at 2026-08-15 17:49:21.478973+08:00)
2026-08-15 17:49:21,496 [INFO] Narrative 未达阈值：新增 6/30（水位线 854）
2026-08-15 17:49:21,497 [INFO] Job "check_and_update_narrative (trigger: interval[0:10:00], next run at: 2026-08-15 17:59:21 CST)" executed successfully
2026-08-15 17:59:21,482 [INFO] Running job "check_and_update_summary (trigger: interval[0:10:00], next run at: 2026-08-15 18:09:21 CST)" (scheduled at 2026-08-15 17:59:21.478471+08:00)
2026-08-15 17:59:21,496 [INFO] Summary 未达阈值：新增 12/100（水位线 2781）
2026-08-15 17:59:21,497 [INFO] Job "check_and_update_summary (trigger: interval[0:10:00], next run at: 2026-08-15 18:09:21 CST)" executed successfully
2026-08-15 17:59:21,498 [INFO] Running job "check_and_update_narrative (trigger: interval[0:10:00], next run at: 2026-08-15 18:09:21 CST)" (scheduled at 2026-08-15 17:59:21.478973+08:00)
2026-08-15 17:59:21,500 [INFO] Narrative 未达阈值：新增 6/30（水位线 854）
2026-08-15 17:59:21,500 [INFO] Job "check_and_update_narrative (trigger: interval[0:10:00], next run at: 2026-08-15 18:09:21 CST)" executed successfully
2026-08-15 18:09:21,480 [INFO] Running job "check_and_update_summary (trigger: interval[0:10:00], next run at: 2026-08-15 18:19:21 CST)" (scheduled at 2026-08-15 18:09:21.478471+08:00)
2026-08-15 18:09:21,488 [INFO] Summary 未达阈值：新增 12/100（水位线 2781）
2026-08-15 18:09:21,488 [INFO] Job "check_and_update_summary (trigger: interval[0:10:00], next run at: 2026-08-15 18:19:21 CST)" executed successfully
2026-08-15 18:09:21,489 [INFO] Running job "check_and_update_narrative (trigger: interval[0:10:00], next run at: 2026-08-15 18:19:21 CST)" (scheduled at 2026-08-15 18:09:21.478973+08:00)
2026-08-15 18:09:21,491 [INFO] Narrative 未达阈值：新增 6/30（水位线 854）
2026-08-15 18:09:21,492 [INFO] Job "check_and_update_narrative (trigger: interval[0:10:00], next run at: 2026-08-15 18:19:21 CST)" executed successfully
2026-08-15 18:19:21,480 [INFO] Running job "check_and_update_summary (trigger: interval[0:10:00], next run at: 2026-08-15 18:29:21 CST)" (scheduled at 2026-08-15 18:19:21.478471+08:00)
2026-08-15 18:19:21,487 [INFO] Summary 未达阈值：新增 12/100（水位线 2781）
2026-08-15 18:19:21,487 [INFO] Job "check_and_update_summary (trigger: interval[0:10:00], next run at: 2026-08-15 18:29:21 CST)" executed successfully
2026-08-15 18:19:21,488 [INFO] Running job "check_and_update_narrative (trigger: interval[0:10:00], next run at: 2026-08-15 18:29:21 CST)" (scheduled at 2026-08-15 18:19:21.478973+08:00)
2026-08-15 18:19:21,490 [INFO] Narrative 未达阈值：新增 6/30（水位线 854）
2026-08-15 18:19:21,490 [INFO] Job "check_and_update_narrative (trigger: interval[0:10:00], next run at: 2026-08-15 18:29:21 CST)" executed successfully
2026-08-15 18:29:21,480 [INFO] Running job "check_and_update_summary (trigger: interval[0:10:00], next run at: 2026-08-15 18:39:21 CST)" (scheduled at 2026-08-15 18:29:21.478471+08:00)
2026-08-15 18:29:21,490 [INFO] Summary 未达阈值：新增 12/100（水位线 2781）
2026-08-15 18:29:21,490 [INFO] Job "check_and_update_summary (trigger: interval[0:10:00], next run at: 2026-08-15 18:39:21 CST)" executed successfully
2026-08-15 18:29:21,491 [INFO] Running job "check_and_update_narrative (trigger: interval[0:10:00], next run at: 2026-08-15 18:39:21 CST)" (scheduled at 2026-08-15 18:29:21.478973+08:00)
2026-08-15 18:29:21,493 [INFO] Narrative 未达阈值：新增 6/30（水位线 854）
2026-08-15 18:29:21,493 [INFO] Job "check_and_update_narrative (trigger: interval[0:10:00], next run at: 2026-08-15 18:39:21 CST)" executed successfully
2026-08-15 18:39:21,480 [INFO] Running job "check_and_update_summary (trigger: interval[0:10:00], next run at: 2026-08-15 18:49:21 CST)" (scheduled at 2026-08-15 18:39:21.478471+08:00)
2026-08-15 18:39:21,489 [INFO] Summary 未达阈值：新增 12/100（水位线 2781）
2026-08-15 18:39:21,490 [INFO] Job "check_and_update_summary (trigger: interval[0:10:00], next run at: 2026-08-15 18:49:21 CST)" executed successfully
2026-08-15 18:39:21,490 [INFO] Running job "check_and_update_narrative (trigger: interval[0:10:00], next run at: 2026-08-15 18:49:21 CST)" (scheduled at 2026-08-15 18:39:21.478973+08:00)
2026-08-15 18:39:21,492 [INFO] Narrative 未达阈值：新增 6/30（水位线 854）
2026-08-15 18:39:21,492 [INFO] Job "check_and_update_narrative (trigger: interval[0:10:00], next run at: 2026-08-15 18:49:21 CST)" executed successfully
2026-08-15 18:49:21,481 [INFO] Running job "check_and_update_summary (trigger: interval[0:10:00], next run at: 2026-08-15 18:59:21 CST)" (scheduled at 2026-08-15 18:49:21.478471+08:00)
2026-08-15 18:49:21,490 [INFO] Summary 未达阈值：新增 12/100（水位线 2781）
2026-08-15 18:49:21,491 [INFO] Job "check_and_update_summary (trigger: interval[0:10:00], next run at: 2026-08-15 18:59:21 CST)" executed successfully
2026-08-15 18:49:21,491 [INFO] Running job "check_and_update_narrative (trigger: interval[0:10:00], next run at: 2026-08-15 18:59:21 CST)" (scheduled at 2026-08-15 18:49:21.478973+08:00)
2026-08-15 18:49:21,493 [INFO] Narrative 未达阈值：新增 6/30（水位线 854）
2026-08-15 18:49:21,494 [INFO] Job "check_and_update_narrative (trigger: interval[0:10:00], next run at: 2026-08-15 18:59:21 CST)" executed successfully
2026-08-15 18:52:36,398 [INFO] HTTP Request: POST http://localhost:3000/reload-config "HTTP/1.1 200 OK"
2026-08-15 18:59:21,482 [INFO] Running job "check_and_update_summary (trigger: interval[0:10:00], next run at: 2026-08-15 19:09:21 CST)" (scheduled at 2026-08-15 18:59:21.478471+08:00)
2026-08-15 18:59:21,492 [INFO] Summary 未达阈值：新增 12/100（水位线 2781）
2026-08-15 18:59:21,493 [INFO] Job "check_and_update_summary (trigger: interval[0:10:00], next run at: 2026-08-15 19:09:21 CST)" executed successfully
2026-08-15 18:59:21,493 [INFO] Running job "check_and_update_narrative (trigger: interval[0:10:00], next run at: 2026-08-15 19:09:21 CST)" (scheduled at 2026-08-15 18:59:21.478973+08:00)
2026-08-15 18:59:21,495 [INFO] Narrative 未达阈值：新增 6/30（水位线 854）
2026-08-15 18:59:21,496 [INFO] Job "check_and_update_narrative (trigger: interval[0:10:00], next run at: 2026-08-15 19:09:21 CST)" executed successfully
